dataset,method,ratio,k,d,bar_omega,learning_cost,rho,omega_support,active_resource_ratio,u_active_mean,u_active_p99,papr_mean_db,papr_p99_db,papr_max_db,adc_cost,clip_sample_ratio,channel_cost,b_power,b_privacy,b_star,regime,learning_cost_norm,channel_cost_norm,adc_cost_norm,J_adc_aware,J_adc_unaware
femnist,topk,0.01,4042,404222,0.4621460174388824,7.745528501658716,0.16184373290971119,329425.5,0.0896884236453202,2.2207014560699463,10.375,9.065800309181213,11.036484479904175,11.711135029792786,0.011939715420307178,0.10255734249949455,2.93077065064684,31.458053093027868,11.121809018505765,11.121809018505765,privacy,1.0,0.0,0.0,1.0,1.0
femnist,topk,0.02,8084,404222,0.5593830755133022,4.0571497536994565,0.19469729029401808,759774.5,0.15573368226600984,2.557693988084793,11.375,9.136556148529053,10.8918936252594,11.301663279533386,0.01299465310512489,0.10368188191205263,20.35579116017598,22.24420266500645,7.864306576047127,7.864306576047127,privacy,0.7473925331383988,5.355383538530215e-05,0.06385628945874881,0.7793287109430811,0.7474005662137067
femnist,topk,0.05,20211,404222,0.7143325761223464,1.4395224492344023,0.26881222184896714,2468746.25,0.2914076354679803,3.417090892791748,14.0,9.461618304252625,11.970417022705078,12.626890659332275,0.014153989169226253,0.10455826669931412,238.08353136349731,14.068120986951595,4.9737011506534,4.9737011506534,privacy,0.4111906961469815,0.0007227154901039276,0.13403190300886614,0.47831505497493015,0.4112991034704971
femnist,topk,0.1,40422,404222,0.8375258892224264,0.5385189281736613,0.359046614141856,6323525.25,0.43030018472906406,4.628119587898254,16.0,10.886838793754578,14.504028797149658,14.88017463684082,0.015860825681413587,0.10440209414809942,1406.2416362170802,9.94766374842626,3.516937811222354,3.516937811222354,privacy,0.1985941697113537,0.004312917683388221,0.23734819168598262,0.31791520320685324,0.19924110736386194
femnist,topk,0.15,60633,404222,0.901782206374614,0.2652804967334875,0.4300084980647155,11120288.0,0.5225960591133005,5.716044187545776,17.125,12.615567207336426,16.2513769865036,16.6767680644989,0.018104049360459666,0.10358212701976299,3842.705203227648,8.122233438808728,2.8715676981984926,2.8715676981984926,privacy,0.10842096855033244,0.011801113678257437,0.3731324589762707,0.2967573650902064,0.11019113560207106
femnist,topk,0.2,80844,404222,0.9395860830390497,0.14513403105851044,0.4903784156100508,16681658.0,0.5914430418719212,6.734192192554474,18.0,14.072508931159973,17.40234875679016,17.83298110961914,0.020509308495139315,0.10270466469228268,7731.456880083471,7.034060493475797,2.4868505753267,2.4868505753267,privacy,0.062407875030120775,0.023752753393273304,0.5187248723840286,0.3253332242311261,0.06597078803911177
femnist,topk,0.25,101055,404222,0.9629193916942073,0.08294868279264693,0.543896881323094,22907229.75,0.6458306650246306,7.708813548088074,19.0,15.172428607940674,18.216683745384216,18.567688465118408,0.022770248702960818,0.10188608337193727,13191.28487702196,6.29145496850304,2.2243067745259855,2.2243067745259855,privacy,0.036658204382256844,0.040532918995959816,0.655581536467008,0.3705289104651548,0.042738142231650816
femnist,topk,0.35,141477,404222,0.986799021373889,0.027470989562726717,0.6376081959388601,37108160.0,0.729785406403941,9.550744533538818,20.0,16.470804691314697,19.117048263549805,19.452412366867065,0.026242556827836834,0.10074946004897356,29215.92783367906,5.31724993506321,1.8798823343120998,1.8798823343120998,privacy,0.012405970445085106,0.0897828519036282,0.8657633471114555,0.4587550717863571,0.025873398230629334
femnist,topk,0.5,202111,404222,0.9979739887268497,0.0040767342749964165,0.7552111541625511,62044083.0,0.8225806650246306,12.104626893997192,20.0,17.132354378700256,19.527960062026978,19.90735960006714,0.02846021314667761,0.10012207459658384,67206.49142705211,4.4487194660832605,1.5728185127150431,1.5728185127150431,privacy,0.0017840386870023128,0.2065425646260169,1.0,0.5327654233809048,0.032765423380904844
femnist,topk,0.65,262744,404222,0.999881791773607,0.0002365003084148466,0.8538098521354386,90501578.0,0.8926699507389162,14.50023353099823,20.0,17.067522406578064,19.435471057891846,19.827887773513794,0.028164345511588466,0.10022182948887348,123256.36474694542,3.901787310895915,1.3794538770179416,1.3794538770179416,privacy,1.680193324451572e-05,0.3788055291085601,0.982090876437889,0.547883069518473,0.05683763129952852
femnist,topk,0.8,323377,404222,0.9999999161501071,0.00020006001000137812,0.9289096903841907,120614991.0,0.9659839901477832,16.491251707077026,20.0,16.7226083278656,19.130179166793823,19.53898859024048,0.026903746390019728,0.10072467662394047,202041.69743747296,3.5170248087615343,1.243423365098899,1.243423365098899,privacy,0.0,0.6209433639178454,0.905785722534654,0.5460343658550038,0.09314150458767681
femnist,topk,1.0,404222,404222,1.0,0.00020006001000137812,1.0,161688800.0,0.9956206896551724,20.0,20.0,16.242470264434814,18.720534324645996,19.139988660812378,0.025336539444254617,0.1013014167547226,325376.83507016295,3.1457197020640706,1.1121506359165472,1.1121506359165472,privacy,0.0,1.0,0.8109213321438309,0.5554606660719155,0.15
femnist,randk,0.01,4042,404222,0.010692095834994194,34430.06140922506,1.0,1616800.0,0.009955665024630541,20.0,20.0,9.133147239685059,10.654807567596436,11.149300813674927,0.011292381139805874,0.10125715844333172,0.32532371153320955,31.458053093027868,11.121809018505765,11.121809018505765,privacy,1.0,0.0,0.0,1.0,1.0
femnist,randk,0.02,8084,404222,0.020118469905274737,9586.341060262615,1.0,3233600.0,0.019911330049261083,20.0,20.0,9.24385118484497,10.861268877983093,11.321712732315063,0.012650858459067098,0.10304202605038881,2.6025896922656764,22.24420266500645,7.864306576047127,7.864306576047127,privacy,0.877613194786863,6.998864123617955e-06,0.09672899506059407,0.9259787421467786,0.8776142446164815
femnist,randk,0.05,20211,404222,0.04985944322055591,1490.695421239264,1.0,8084400.0,0.0497807881773399,20.0,20.0,9.43652892112732,11.250786423683167,11.876384735107422,0.013780243271091234,0.10406850185245275,40.6715006773445,14.068120986951595,4.9737011506534,4.9737011506534,privacy,0.6995126161805395,0.00012399843183901295,0.17714569127986005,0.7881040615852454,0.6995312159453153
femnist,randk,0.1,40422,404222,0.09972455150996157,344.0470005157293,1.0,16168800.0,0.0995615763546798,20.0,20.0,9.709842801094055,12.225439310073853,12.913689970970154,0.014519321836162283,0.10439316555857658,325.3720054187558,9.94766374842626,3.516937811222354,3.516937811222354,privacy,0.5593713279633614,0.0009989863188357212,0.2297710283808334,0.6744066901016035,0.5595211759111868
femnist,randk,0.15,60633,404222,0.14903722086252005,141.82368282544417,1.0,24253200.0,0.1493423645320197,20.0,20.0,10.063142776489258,13.083305597305298,13.6911940574646,0.01511796696300127,0.10459197964519262,1098.1305182883011,8.122233438808728,2.8715676981984926,2.8715676981984926,privacy,0.47493457424597624,0.0033739534406839297,0.2723969454248869,0.6116391399745222,0.47544066726207884
femnist,randk,0.2,80844,404222,0.2007521062030826,71.36450837463225,1.0,32337600.0,0.1991231527093596,20.0,20.0,10.538475632667542,14.027971863746643,14.696150779724121,0.015569866902200703,0.10457720048725605,2602.976043350048,7.034060493475797,2.4868505753267,2.4868505753267,privacy,0.4098511505782472,0.00799888941480939,0.30457402071862555,0.5633379943497814,0.41105098399046863
femnist,randk,0.25,101055,404222,0.2517925621719159,41.26284668192639,1.0,40422000.0,0.2489039408866995,20.0,20.0,11.01377272605896,14.348385334014893,15.12268340587616,0.016082060393108322,0.10444273427128792,5083.9375846680605,6.29145496850304,2.2243067745259855,2.2243067745259855,privacy,0.35836913709416934,0.015623783858637847,0.34104423700388153,0.5312348231749058,0.360712704672965
femnist,randk,0.35,141477,404222,0.3486601501220039,17.695770659089835,1.0,56590800.0,0.3484655172413793,20.0,20.0,11.997238278388977,15.525327205657959,15.971078276634216,0.01716459832608961,0.10404525883495808,13950.324732329158,5.31724993506321,1.8798823343120998,1.8798823343120998,privacy,0.28029419133753536,0.04287340662510676,0.4181252488747299,0.49578782676866634,0.2867252023313014
femnist,randk,0.5,202111,404222,0.5033165018226725,5.868908765009429,1.0,80844400.0,0.4978103448275862,20.0,20.0,13.34100890159607,16.45955741405487,16.77512514591217,0.0188633684699797,0.10347190499305725,40672.10438377038,4.4487194660832605,1.5728185127150431,1.5728185127150431,privacy,0.1844447965683262,0.12499912514198458,0.5390844482132886,0.47273688944626824,0.2031946653396239
femnist,randk,0.65,262744,404222,0.649497744846024,2.2441962432926896,1.0,105097600.0,0.6471527093596059,20.0,20.0,14.373570919036865,17.24809765815735,17.656296730041504,0.0206921102311892,0.10290517192333937,89356.30725082067,3.901787310895915,1.3794538770179416,1.3794538770179416,privacy,0.11263734006588913,0.27462333404688466,0.6692981442971766,0.4884799123215101,0.1538308401729218
femnist,randk,0.8,323377,404222,0.801928987032209,0.7380089945604584,1.0,129350800.0,0.7964950738916257,20.0,20.0,15.277088522911072,17.853458642959595,18.449833393096924,0.02263519971342643,0.10212738625705242,166592.0122599858,3.5170248087615343,1.243423365098899,1.243423365098899,privacy,0.05289229918000552,0.5119966621625215,0.8076538534906369,0.5335187252497022,0.12969179850438375
femnist,randk,1.0,404222,404222,1.0,0.00020006001000137812,1.0,161688800.0,0.9956206896551724,20.0,20.0,16.242470264434814,18.720534324645996,19.139988660812378,0.025336539444254617,0.1013014167547226,325376.83507016295,3.1457197020640706,1.1121506359165472,1.1121506359165472,privacy,0.0,1.0,1.0,0.65,0.15
femnist,full,1.0,404222,404222,1.0,0.00020006001000137812,1.0,161688800.0,0.9956206896551724,20.0,20.0,16.242470264434814,18.720534324645996,19.139988660812378,0.025336539444254617,0.1013014167547226,325376.83507016295,3.1457197020640706,1.1121506359165472,1.1121506359165472,privacy,0.0,0.0,0.0,0.0,0.0
