dataset,method,round,ratio,k,d,train_loss,lr,test_accuracy,test_loss,retained_energy,b_power,b_privacy,b_star,regime,papr_mean_db,papr_p99_db,papr_max_db,clip_sample_ratio,normalized_clip_energy,effective_noise_std,u_active_mean,active_resource_ratio
femnist,topk,1,0.12,48506,404222,4.085555481910706,0.05,7.211538461538462,3.944927215576172,0.8597618771972607,0.2871655011819205,1.6680276752757455,0.2871655011819205,power,9.704360008239746,11.92931079864502,14.107588768005371,0.2364698201417923,0.046384668540387655,0.005223468675122931,5.458914279937744,0.4377167487684729
femnist,topk,2,0.12,48506,404222,3.8776268649101255,0.049600000000000005,7.211538461538462,3.944927215576172,0.825231647914354,0.2871655011819205,1.6680276752757455,0.2871655011819205,power,9.61396598815918,11.180051803588867,11.567014694213867,0.23671920597553253,0.046064470508562425,0.005223468675122931,4.477242946624756,0.5336896551724138
femnist,topk,3,0.12,48506,404222,3.6687469053268438,0.0492032,7.211538461538462,3.944927215576172,0.8111795022429072,0.2871655011819205,1.6680276752757455,0.2871655011819205,power,9.595992088317871,11.053227424621582,11.124476432800293,0.23696428537368774,0.04617667956272763,0.005223468675122931,4.34967041015625,0.5493423645320197
femnist,topk,4,0.12,48506,404222,3.6631194782257075,0.0488095744,7.211538461538462,3.944927215576172,0.8120816643305415,0.2871655011819205,1.6680276752757455,0.2871655011819205,power,9.537281036376953,11.034733772277832,11.719006538391113,0.2366730272769928,0.04611774352670057,0.005223468675122931,4.685732364654541,0.5099433497536946
femnist,topk,5,0.12,48506,404222,3.55000947713852,0.0484190978048,28.846153846153847,3.554545182448167,0.8000797038519185,0.2871655011819205,1.6680276752757455,0.2871655011819205,power,9.50831127166748,11.04932975769043,11.616826057434082,0.23699015378952026,0.04611500463246176,0.005223468675122931,4.5713372230529785,0.5227044334975369
femnist,topk,6,0.12,48506,404222,3.437869503498077,0.0480317450223616,28.846153846153847,3.554545182448167,0.791313347104493,0.2871655011819205,1.6680276752757455,0.2871655011819205,power,9.551700592041016,11.1656494140625,11.348148345947266,0.23683497309684753,0.0461118104181133,0.005223468675122931,4.426578044891357,0.5397980295566502
femnist,topk,7,0.12,48506,404222,3.2962208151817323,0.04764749106218271,28.846153846153847,3.554545182448167,0.7846558486143389,0.2871655011819205,1.6680276752757455,0.2871655011819205,power,9.575142860412598,11.474922180175781,11.635610580444336,0.2370942085981369,0.04610469338015055,0.005223468675122931,4.324097633361816,0.5525911330049261
femnist,topk,8,0.12,48506,404222,3.2867319536209103,0.04726631113368524,28.846153846153847,3.554545182448167,0.7882986316751636,0.2871655011819205,1.6680276752757455,0.2871655011819205,power,9.557337760925293,11.010875701904297,11.602426528930664,0.23709729313850403,0.04600350369070587,0.005223468675122931,4.295360088348389,0.5562881773399014
femnist,topk,9,0.12,48506,404222,3.1623426342010506,0.046888180644615765,28.846153846153847,3.554545182448167,0.7762212076009317,0.2871655011819205,1.6680276752757455,0.2871655011819205,power,9.59183406829834,11.067514419555664,11.466026306152344,0.2366342395544052,0.046124419114391274,0.005223468675122931,4.140874862670898,0.5770418719211823
femnist,topk,10,0.12,48506,404222,2.9214733964204784,0.04651307519945884,36.29807692307692,2.729322286752554,0.7799043215845729,0.2871655011819205,1.6680276752757455,0.2871655011819205,power,9.581740379333496,11.116551399230957,11.1716947555542,0.23694580793380737,0.045965329486201884,0.005223468675122931,3.939093828201294,0.6066009852216748
femnist,topk,11,0.12,48506,404222,2.8678824025392533,0.046140970597863165,36.29807692307692,2.729322286752554,0.780258017333656,0.2871655011819205,1.6680276752757455,0.2871655011819205,power,9.496038436889648,11.182534217834473,11.477557182312012,0.23730111122131348,0.045919971455070055,0.005223468675122931,3.987586498260498,0.5992241379310345
femnist,topk,12,0.12,48506,404222,2.826941241025925,0.04577184283308026,36.29807692307692,2.729322286752554,0.7825237538147454,0.2871655011819205,1.6680276752757455,0.2871655011819205,power,9.606487274169922,11.645092964172363,12.533454895019531,0.23698830604553223,0.04601315820808153,0.005223468675122931,3.9015798568725586,0.6124334975369458
femnist,topk,13,0.12,48506,404222,2.6779080593585967,0.045405668090415616,36.29807692307692,2.729322286752554,0.7757137782851552,0.2871655011819205,1.6680276752757455,0.2871655011819205,power,9.605588912963867,11.107460021972656,11.22212028503418,0.23654988408088684,0.04611341696946058,0.005223468675122931,3.800055503845215,0.628795566502463
femnist,topk,14,0.12,48506,404222,2.5678794950246813,0.04504242274569229,36.29807692307692,2.729322286752554,0.7845609055862716,0.2871655011819205,1.6680276752757455,0.2871655011819205,power,9.552340507507324,11.060739517211914,12.07729721069336,0.23704494535923004,0.046260189115809966,0.005223468675122931,3.8139045238494873,0.626512315270936
femnist,topk,15,0.12,48506,404222,2.342889019846916,0.044682083363726754,49.03846153846154,2.1258924924410305,0.7787045098621339,0.2871655011819205,1.6680276752757455,0.2871655011819205,power,9.61194896697998,11.021025657653809,11.325501441955566,0.23681588470935822,0.04605031831653947,0.005223468675122931,3.6989362239837646,0.6459852216748768
femnist,topk,16,0.12,48506,404222,2.4794661808013916,0.04432462669681694,49.03846153846154,2.1258924924410305,0.7791712343512928,0.2871655011819205,1.6680276752757455,0.2871655011819205,power,9.60531234741211,10.957276344299316,11.949365615844727,0.23666995763778687,0.046299125636201394,0.005223468675122931,3.656883478164673,0.6534137931034483
femnist,topk,17,0.12,48506,404222,2.133114966582507,0.0439700296832424,49.03846153846154,2.1258924924410305,0.7831248696829434,0.2871655011819205,1.6680276752757455,0.2871655011819205,power,9.52051830291748,11.380537033081055,12.317815780639648,0.2372487634420395,0.046003928040871125,0.005223468675122931,3.64617657661438,0.6553325123152709
femnist,topk,18,0.12,48506,404222,2.0222569082677366,0.043618269445776466,49.03846153846154,2.1258924924410305,0.781379895327645,0.2871655011819205,1.6680276752757455,0.2871655011819205,power,9.579773902893066,11.32655143737793,12.091329574584961,0.23707881569862366,0.04593513668765645,0.005223468675122931,3.574910879135132,0.6683965517241379
femnist,topk,19,0.12,48506,404222,1.9012094885855917,0.04326932329021025,49.03846153846154,2.1258924924410305,0.7817421779774261,0.2871655011819205,1.6680276752757455,0.2871655011819205,power,9.544374465942383,11.250155448913574,11.509312629699707,0.23695750534534454,0.04622168814099052,0.005223468675122931,3.5517055988311768,0.6727635467980295
femnist,topk,20,0.12,48506,404222,2.0943823369592427,0.04292316870388857,55.04807692307692,1.7527332305908203,0.7963454649715545,0.2871655011819205,1.6680276752757455,0.2871655011819205,power,9.560303688049316,11.018916130065918,11.39607048034668,0.23718349635601044,0.04631211932868914,0.005223468675122931,3.6782777309417725,0.6496133004926108
femnist,topk,21,0.12,48506,404222,1.7752071571350097,0.04257978335425747,55.04807692307692,1.7527332305908203,0.7877634433963273,0.2871655011819205,1.6680276752757455,0.2871655011819205,power,9.632882118225098,11.378532409667969,11.564214706420898,0.23668041825294495,0.04639223502492899,0.005223468675122931,3.5045535564422607,0.6818152709359606
femnist,topk,22,0.12,48506,404222,1.6275789349526164,0.0422391450874234,55.04807692307692,1.7527332305908203,0.789184211840643,0.2871655011819205,1.6680276752757455,0.2871655011819205,power,9.563915252685547,11.528726577758789,11.636872291564941,0.2367660105228424,0.04586881165611608,0.005223468675122931,3.445481061935425,0.6935049261083743
femnist,topk,23,0.12,48506,404222,1.597213198058307,0.041901231926724014,55.04807692307692,1.7527332305908203,0.7951827160967817,0.2871655011819205,1.6680276752757455,0.2871655011819205,power,9.506978034973145,10.950141906738281,11.536197662353516,0.23728448152542114,0.04598961484482183,0.005223468675122931,3.4806880950927734,0.6864901477832512
femnist,topk,24,0.12,48506,404222,1.4039373129606245,0.04156602207131022,55.04807692307692,1.7527332305908203,0.7985526469068456,0.2871655011819205,1.6680276752757455,0.2871655011819205,power,9.620229721069336,11.568967819213867,11.872184753417969,0.23659606277942657,0.04631743134090158,0.005223468675122931,3.4440133571624756,0.6938004926108374
femnist,topk,25,0.12,48506,404222,1.5091821701079609,0.04123349389473974,63.94230769230769,1.3649136469914362,0.799924703207385,0.2871655011819205,1.6680276752757455,0.2871655011819205,power,9.566333770751953,10.777233123779297,11.373598098754883,0.2369328886270523,0.04614511197486136,0.005223468675122931,3.4393856525421143,0.6947339901477833
femnist,topk,26,0.12,48506,404222,1.5362545846402642,0.04090362594358182,63.94230769230769,1.3649136469914362,0.8063313734653776,0.2871655011819205,1.6680276752757455,0.2871655011819205,power,9.52049732208252,11.062870979309082,11.225028038024902,0.2368546724319458,0.04630785233712494,0.005223468675122931,3.4973015785217285,0.6832290640394089
femnist,topk,27,0.12,48506,404222,1.2863712506135927,0.04057639693603317,63.94230769230769,1.3649136469914362,0.8029880222793956,0.2871655011819205,1.6680276752757455,0.2871655011819205,power,9.605057716369629,11.152588844299316,11.897905349731445,0.23709359765052795,0.04610240434681656,0.005223468675122931,3.350903272628784,0.7130788177339902
femnist,topk,28,0.12,48506,404222,1.2227656606317034,0.0402517857605449,63.94230769230769,1.3649136469914362,0.8061678967334253,0.2871655011819205,1.6680276752757455,0.2871655011819205,power,9.58019733428955,10.97244644165039,11.505179405212402,0.23686514794826508,0.04614100743598733,0.005223468675122931,3.3648970127105713,0.7101133004926108
femnist,topk,29,0.12,48506,404222,1.3266935984045265,0.03992977147446054,63.94230769230769,1.3649136469914362,0.8107424975571818,0.2871655011819205,1.6680276752757455,0.2871655011819205,power,9.64329719543457,11.477324485778809,11.796122550964355,0.2369057834148407,0.046268096137890104,0.005223468675122931,3.456061840057373,0.6913817733990147
femnist,topk,30,0.12,48506,404222,1.178602257007733,0.039610333302664856,69.71153846153847,1.1289994166447566,0.8113769090577334,0.2871655011819205,1.6680276752757455,0.2871655011819205,power,9.571333885192871,11.012433052062988,11.180131912231445,0.23694580793380737,0.04613339118195911,0.005223468675122931,3.394057273864746,0.704012315270936
femnist,topk,31,0.12,48506,404222,1.1743906656187026,0.03929345063624354,69.71153846153847,1.1289994166447566,0.8113038197505459,0.2871655011819205,1.6680276752757455,0.2871655011819205,power,9.623170852661133,11.000361442565918,11.319841384887695,0.23663915693759918,0.04610195413465586,0.005223468675122931,3.374541759490967,0.7080837438423645
femnist,topk,32,0.12,48506,404222,1.1416674124076962,0.038979103031153595,69.71153846153847,1.1289994166447566,0.8186348508347177,0.2871655011819205,1.6680276752757455,0.2871655011819205,power,9.482078552246094,10.978174209594727,11.040258407592773,0.23688669502735138,0.04610096067182518,0.005223468675122931,3.422966241836548,0.6980665024630542
femnist,topk,33,0.12,48506,404222,1.0625894966069607,0.03866727020690436,69.71153846153847,1.1289994166447566,0.8154192303630202,0.2871655011819205,1.6680276752757455,0.2871655011819205,power,9.544503211975098,11.101688385009766,11.479473114013672,0.23705542087554932,0.04586956393185734,0.005223468675122931,3.3845133781433105,0.7059975369458128
femnist,topk,34,0.12,48506,404222,0.988330222205259,0.03835793204524912,69.71153846153847,1.1289994166447566,0.8151798235099206,0.2871655011819205,1.6680276752757455,0.2871655011819205,power,9.571866035461426,11.472041130065918,12.053518295288086,0.23680664598941803,0.04619721926653693,0.005223468675122931,3.339345693588257,0.7155467980295567
femnist,topk,35,0.12,48506,404222,1.0793222980143036,0.03805106858888713,70.91346153846153,1.009408290569599,0.8241148095947072,0.2871655011819205,1.6680276752757455,0.2871655011819205,power,9.600899696350098,11.57229995727539,12.218130111694336,0.23723214864730835,0.0461298061582806,0.005223468675122931,3.4252021312713623,0.6976108374384237
femnist,topk,36,0.12,48506,404222,0.9842887772060932,0.03774666004017604,70.91346153846153,1.009408290569599,0.8172625888262633,0.2871655011819205,1.6680276752757455,0.2871655011819205,power,9.630112648010254,11.31772232055664,11.977133750915527,0.2366853505373001,0.04607952726724141,0.005223468675122931,3.3892905712127686,0.7050024630541872
femnist,topk,37,0.12,48506,404222,0.9608064646739514,0.03744468675985462,70.91346153846153,1.009408290569599,0.8145412169386347,0.2871655011819205,1.6680276752757455,0.2871655011819205,power,9.614291191101074,10.950857162475586,11.721895217895508,0.23695813119411469,0.0461501962525392,0.005223468675122931,3.3671393394470215,0.70964039408867
femnist,topk,38,0.12,48506,404222,1.0668137241713702,0.03714512926577578,70.91346153846153,1.009408290569599,0.8242742007216819,0.2871655011819205,1.6680276752757455,0.2871655011819205,power,9.57217788696289,11.065167427062988,11.425148010253906,0.23680542409420013,0.04621140856559474,0.005223468675122931,3.4681453704833984,0.6889729064039409
femnist,topk,39,0.12,48506,404222,0.9088485460262745,0.03684796823164958,70.91346153846153,1.009408290569599,0.8175006413549282,0.2871655011819205,1.6680276752757455,0.2871655011819205,power,9.563450813293457,11.43807315826416,11.658048629760742,0.2369113266468048,0.04608516882447324,0.005223468675122931,3.3357861042022705,0.7163103448275862
femnist,topk,40,0.12,48506,404222,0.8609133712551558,0.036553184485796385,73.3173076923077,0.9026153271014874,0.8196757617378594,0.2871655011819205,1.6680276752757455,0.2871655011819205,power,9.601276397705078,11.329235076904297,12.035308837890625,0.23735961318016052,0.04580631868508302,0.005223468675122931,3.3056533336639404,0.7228399014778325
femnist,topk,41,0.12,48506,404222,0.8714632825739683,0.036260759009910014,73.3173076923077,0.9026153271014874,0.8226311080367296,0.2871655011819205,1.6680276752757455,0.2871655011819205,power,9.57265853881836,10.978353500366211,11.910612106323242,0.23702524602413177,0.046071078762074544,0.005223468675122931,3.367279529571533,0.7096108374384237
femnist,topk,42,0.12,48506,404222,0.9135113042220475,0.03597067293783073,73.3173076923077,0.9026153271014874,0.8198528027462546,0.2871655011819205,1.6680276752757455,0.2871655011819205,power,9.548114776611328,11.061948776245117,11.488767623901367,0.23728202283382416,0.04598442865862287,0.005223468675122931,3.3882014751434326,0.7052290640394089
femnist,topk,43,0.12,48506,404222,0.819802174754441,0.03568290755432809,73.3173076923077,0.9026153271014874,0.817155090976206,0.2871655011819205,1.6680276752757455,0.2871655011819205,power,9.56675910949707,11.26541805267334,11.530365943908691,0.23744088411331177,0.04600262063149805,0.005223468675122931,3.3290553092956543,0.7177586206896551
femnist,topk,44,0.12,48506,404222,0.9268399193137886,0.03539744429389346,73.3173076923077,0.9026153271014874,0.824041634368551,0.2871655011819205,1.6680276752757455,0.2871655011819205,power,9.612754821777344,11.356953620910645,12.528406143188477,0.23698091506958008,0.046251677075489335,0.005223468675122931,3.441642999649048,0.6942783251231527
femnist,topk,45,0.12,48506,404222,0.8189668508479372,0.035114264739542315,75.96153846153847,0.83934813279372,0.8214411789957257,0.2871655011819205,1.6680276752757455,0.2871655011819205,power,9.566476821899414,11.114997863769531,11.447738647460938,0.23759543895721436,0.0460690765909734,0.005223468675122931,3.336348295211792,0.7161896551724138
femnist,topk,46,0.12,48506,404222,0.8008427224156913,0.03483335062162598,75.96153846153847,0.83934813279372,0.8207564996173294,0.2871655011819205,1.6680276752757455,0.2871655011819205,power,9.59135913848877,10.949649810791016,11.136673927307129,0.23702339828014374,0.04610784681453201,0.005223468675122931,3.3082799911499023,0.7222660098522168
femnist,topk,47,0.12,48506,404222,0.8306227159686387,0.03455468381665296,75.96153846153847,0.83934813279372,0.8245863965075471,0.2871655011819205,1.6680276752757455,0.2871655011819205,power,9.581171989440918,11.405842781066895,11.576961517333984,0.23727154731750488,0.04628055625448773,0.005223468675122931,3.3796439170837402,0.7070147783251232
femnist,topk,48,0.12,48506,404222,0.7997310751117765,0.03427824634611974,75.96153846153847,0.83934813279372,0.8167522188986256,0.2871655011819205,1.6680276752757455,0.2871655011819205,power,9.583364486694336,11.132240295410156,11.364063262939453,0.23716071248054504,0.04604404552275194,0.005223468675122931,3.3449761867523193,0.7143423645320197
femnist,topk,49,0.12,48506,404222,0.7163990903063677,0.03400402037535079,75.96153846153847,0.83934813279372,0.8134449821625438,0.2871655011819205,1.6680276752757455,0.2871655011819205,power,9.680956840515137,11.374235153198242,11.5488862991333,0.2368602156639099,0.04626696112936264,0.005223468675122931,3.303098440170288,0.7233990147783251
femnist,topk,50,0.12,48506,404222,0.7858560864045285,0.03373198821234798,76.20192307692308,0.804739732008714,0.8210766504386484,0.2871655011819205,1.6680276752757455,0.2871655011819205,power,9.636942863464355,11.556754112243652,12.11569595336914,0.2365252524614334,0.04627974055622416,0.005223468675122931,3.3717269897460938,0.7086748768472907
femnist,topk,51,0.12,48506,404222,0.8148647657304536,0.0334621323066492,76.20192307692308,0.804739732008714,0.8189037115068425,0.2871655011819205,1.6680276752757455,0.2871655011819205,power,9.555277824401855,11.210636138916016,11.484430313110352,0.23724445700645447,0.04595378812415731,0.005223468675122931,3.356410026550293,0.7119088669950739
femnist,topk,52,0.12,48506,404222,0.6708652775269003,0.033194435248196,76.20192307692308,0.804739732008714,0.8131748885603708,0.2871655011819205,1.6680276752757455,0.2871655011819205,power,9.51822566986084,11.11591911315918,12.022948265075684,0.23724938929080963,0.0458486898413475,0.005223468675122931,3.2919235229492188,0.7258546798029557
femnist,topk,53,0.12,48506,404222,0.7624339471245184,0.03292887976621043,76.20192307692308,0.804739732008714,0.8201879765926696,0.2871655011819205,1.6680276752757455,0.2871655011819205,power,9.632448196411133,10.942301750183105,11.500879287719727,0.23726539313793182,0.04609154568951068,0.005223468675122931,3.380868673324585,0.7067586206896552
femnist,topk,54,0.12,48506,404222,0.6627493585878983,0.03266544872808075,76.20192307692308,0.804739732008714,0.811557871639263,0.2871655011819205,1.6680276752757455,0.2871655011819205,power,9.515068054199219,11.171592712402344,11.523242950439453,0.23718658089637756,0.045872416383910035,0.005223468675122931,3.2929067611694336,0.7256379310344827
femnist,topk,55,0.12,48506,404222,0.6674620295647765,0.0324041251382561,77.64423076923077,0.7695073347825271,0.8131652746089439,0.2871655011819205,1.6680276752757455,0.2871655011819205,power,9.583133697509766,11.005086898803711,11.872401237487793,0.23687808215618134,0.046140048218850996,0.005223468675122931,3.3157994747161865,0.7206280788177339
femnist,topk,56,0.12,48506,404222,0.7444075083080678,0.03214489213715005,77.64423076923077,0.7695073347825271,0.8217048685816863,0.2871655011819205,1.6680276752757455,0.2871655011819205,power,9.5615234375,10.8842191696167,11.057052612304688,0.23735837638378143,0.04590187501166426,0.005223468675122931,3.4116148948669434,0.7003891625615764
femnist,topk,57,0.12,48506,404222,0.6854587791429366,0.031887733000052855,77.64423076923077,0.7695073347825271,0.815853977836477,0.2871655011819205,1.6680276752757455,0.2871655011819205,power,9.56360912322998,11.126876831054688,11.762333869934082,0.23676477372646332,0.046084376082530194,0.005223468675122931,3.3053717613220215,0.7229014778325124
femnist,topk,58,0.12,48506,404222,0.6490888857701794,0.031632631136052435,77.64423076923077,0.7695073347825271,0.8116566002789101,0.2871655011819205,1.6680276752757455,0.2871655011819205,power,9.544695854187012,10.968534469604492,11.274799346923828,0.2370646595954895,0.046127446115666396,0.005223468675122931,3.3207480907440186,0.7195541871921183
femnist,topk,59,0.12,48506,404222,0.7090855292446214,0.03137957008696401,77.64423076923077,0.7695073347825271,0.8190647644542686,0.2871655011819205,1.6680276752757455,0.2871655011819205,power,9.579257011413574,11.023353576660156,11.795111656188965,0.2371169924736023,0.04596278793724376,0.005223468675122931,3.3831796646118164,0.7062758620689655
femnist,topk,60,0.12,48506,404222,0.6457819230202586,0.0311285335262683,77.64423076923077,0.7263187995323768,0.8137196664691023,0.2871655011819205,1.6680276752757455,0.2871655011819205,power,9.571959495544434,11.189658164978027,11.549432754516602,0.23703324794769287,0.04621713821902021,0.005223468675122931,3.3120410442352295,0.7214458128078818
femnist,topk,61,0.12,48506,404222,0.6372619485907489,0.03087950525805815,77.64423076923077,0.7263187995323768,0.8103312347724987,0.2871655011819205,1.6680276752757455,0.2871655011819205,power,9.584856033325195,11.103757858276367,11.724658966064453,0.23675061762332916,0.04621314355600934,0.005223468675122931,3.2877399921417236,0.7267783251231527
femnist,topk,62,0.12,48506,404222,0.6987063317140565,0.030632469215993687,77.64423076923077,0.7263187995323768,0.8173487231770606,0.2871655011819205,1.6680276752757455,0.2871655011819205,power,9.617012977600098,11.389538764953613,12.23343276977539,0.23704063892364502,0.04627720578201839,0.005223468675122931,3.3764679431915283,0.707679802955665
femnist,topk,63,0.12,48506,404222,0.5990556597057729,0.030387409462265737,77.64423076923077,0.7263187995323768,0.8114920701761031,0.2871655011819205,1.6680276752757455,0.2871655011819205,power,9.561753273010254,11.402647018432617,11.95010757446289,0.23702585697174072,0.04620886649364588,0.005223468675122931,3.249645709991455,0.7352980295566502
femnist,topk,64,0.12,48506,404222,0.5784313621604815,0.03014431018656761,77.64423076923077,0.7263187995323768,0.8071674075256856,0.2871655011819205,1.6680276752757455,0.2871655011819205,power,9.526301383972168,10.954886436462402,11.888574600219727,0.23657634854316711,0.046042864266868544,0.005223468675122931,3.2324295043945312,0.7392142857142857
femnist,topk,65,0.12,48506,404222,0.61741128413938,0.02990315570507507,78.125,0.6907532031719501,0.8106365104088942,0.2871655011819205,1.6680276752757455,0.2871655011819205,power,9.598837852478027,10.974576950073242,11.56816577911377,0.2374575138092041,0.04608390887665871,0.005223468675122931,3.318169593811035,0.7201133004926108
femnist,topk,66,0.12,48506,404222,0.5587708075810224,0.029663930459434468,78.125,0.6907532031719501,0.8043668255339862,0.2871655011819205,1.6680276752757455,0.2871655011819205,power,9.567602157592773,11.279203414916992,12.16646957397461,0.23717795312404633,0.045984605149500556,0.005223468675122931,3.2503209114074707,0.7351453201970444
femnist,topk,67,0.12,48506,404222,0.5857866417011245,0.029426619015758992,78.125,0.6907532031719501,0.8081673844743307,0.2871655011819205,1.6680276752757455,0.2871655011819205,power,9.601234436035156,11.070027351379395,12.543720245361328,0.23688854277133942,0.046164871446076665,0.005223468675122931,3.3154594898223877,0.7207019704433497
femnist,topk,68,0.12,48506,404222,0.6592454405967146,0.02919120606363292,78.125,0.6907532031719501,0.8180657778102987,0.2871655011819205,1.6680276752757455,0.2871655011819205,power,9.595699310302734,11.029315948486328,11.967488288879395,0.23699691891670227,0.04608553050195992,0.005223468675122931,3.4187564849853516,0.6989261083743843
femnist,topk,69,0.12,48506,404222,0.5668903405033052,0.028957676415123857,78.125,0.6907532031719501,0.8038505528368894,0.2871655011819205,1.6680276752757455,0.2871655011819205,power,9.517784118652344,11.265114784240723,11.506585121154785,0.2374144047498703,0.04604016549958622,0.005223468675122931,3.302525043487549,0.7235246305418719
femnist,topk,70,0.12,48506,404222,0.5591311937419231,0.028726015003802865,78.84615384615384,0.704009276169997,0.8034821302622687,0.2871655011819205,1.6680276752757455,0.2871655011819205,power,9.524707794189453,10.849446296691895,11.192893028259277,0.23678140342235565,0.046218440486308715,0.005223468675122931,3.291811943054199,0.7258793103448276
femnist,topk,71,0.12,48506,404222,0.5865762928826734,0.02849620688377244,78.84615384615384,0.704009276169997,0.8093012916467966,0.2871655011819205,1.6680276752757455,0.2871655011819205,power,9.561787605285645,11.13953971862793,11.60892105102539,0.23724260926246643,0.04594022590290553,0.005223468675122931,3.3453683853149414,0.7142586206896552
femnist,topk,72,0.12,48506,404222,0.5562583576934413,0.02826823722870226,78.84615384615384,0.704009276169997,0.8001860660444218,0.2871655011819205,1.6680276752757455,0.2871655011819205,power,9.659285545349121,11.358254432678223,12.222284317016602,0.23728139698505402,0.046049599496500705,0.005223468675122931,3.252314805984497,0.7346945812807881
femnist,topk,73,0.12,48506,404222,0.5519834103621541,0.028042091330872643,78.84615384615384,0.704009276169997,0.800413712924251,0.2871655011819205,1.6680276752757455,0.2871655011819205,power,9.613936424255371,11.12821102142334,11.657636642456055,0.23702400922775269,0.045920992460835953,0.005223468675122931,3.2803027629852295,0.7284261083743843
femnist,topk,74,0.12,48506,404222,0.5523001090739854,0.027817754600225664,78.84615384615384,0.704009276169997,0.8104018753649749,0.2871655011819205,1.6680276752757455,0.2871655011819205,power,9.630298614501953,11.47298526763916,11.587081909179688,0.23660098016262054,0.04633269059934758,0.005223468675122931,3.3501858711242676,0.713231527093596
femnist,topk,75,0.12,48506,404222,0.5627371581201441,0.027595212563423857,79.32692307692308,0.6634605114276593,0.8063661660087099,0.2871655011819205,1.6680276752757455,0.2871655011819205,power,9.569988250732422,11.377960205078125,11.768028259277344,0.23713670670986176,0.04608521980226588,0.005223468675122931,3.3327951431274414,0.7169532019704433
femnist,topk,76,0.12,48506,404222,0.5247980195097626,0.02737445086291647,79.32692307692308,0.6634605114276593,0.7994216362634955,0.2871655011819205,1.6680276752757455,0.2871655011819205,power,9.523334503173828,10.876962661743164,11.511497497558594,0.23737068474292755,0.04602600535584572,0.005223468675122931,3.269193172454834,0.7309014778325124
femnist,topk,77,0.12,48506,404222,0.5266497051576153,0.027155455256013136,79.32692307692308,0.6634605114276593,0.8045273882812246,0.2871655011819205,1.6680276752757455,0.2871655011819205,power,9.667661666870117,11.252840042114258,11.763525009155273,0.2362869530916214,0.046490027237575664,0.005223468675122931,3.329180955886841,0.7177315270935961
femnist,topk,78,0.12,48506,404222,0.5333366949297489,0.02693821161396503,79.32692307692308,0.6634605114276593,0.7999344282313623,0.2871655011819205,1.6680276752757455,0.2871655011819205,power,9.618925094604492,11.297710418701172,12.401153564453125,0.23701231181621552,0.04599765723847621,0.005223468675122931,3.2587387561798096,0.7332463054187192
femnist,topk,79,0.12,48506,404222,0.492749375924468,0.02672270592105331,79.32692307692308,0.6634605114276593,0.7953831672376361,0.2871655011819205,1.6680276752757455,0.2871655011819205,power,9.590666770935059,10.990771293640137,11.990118026733398,0.2368706911802292,0.046252192844113374,0.005223468675122931,3.2303199768066406,0.7396970443349754
femnist,topk,80,0.12,48506,404222,0.5647495236806572,0.026508924273684883,79.8076923076923,0.653647569509653,0.8122609796022597,0.2871655011819205,1.6680276752757455,0.2871655011819205,power,9.49738883972168,11.000235557556152,11.444753646850586,0.2370135486125946,0.04601594267090034,0.005223468675122931,3.3425328731536865,0.7148645320197045
femnist,topk,81,0.12,48506,404222,0.524693205836229,0.026296852879495403,79.8076923076923,0.653647569509653,0.7976479243433728,0.2871655011819205,1.6680276752757455,0.2871655011819205,power,9.561909675598145,11.158873558044434,11.605241775512695,0.23703448474407196,0.045963353549269,0.005223468675122931,3.261324167251587,0.7326650246305418
femnist,topk,82,0.12,48506,404222,0.5108496268093586,0.02608647805645944,79.8076923076923,0.653647569509653,0.7950441893138593,0.2871655011819205,1.6680276752757455,0.2871655011819205,power,9.647072792053223,11.3295316696167,11.482515335083008,0.2369273453950882,0.046094446999022744,0.005223468675122931,3.274810314178467,0.7296477832512315
femnist,topk,83,0.12,48506,404222,0.5224674868537112,0.02587778623200776,79.8076923076923,0.653647569509653,0.8022195692047205,0.2871655011819205,1.6680276752757455,0.2871655011819205,power,9.559682846069336,10.98820686340332,11.353463172912598,0.23673829436302185,0.0462281681143366,0.005223468675122931,3.3196797370910645,0.7197857142857143
femnist,topk,84,0.12,48506,404222,0.5179379368852824,0.0256707639421517,79.8076923076923,0.653647569509653,0.7962275195573318,0.2871655011819205,1.6680276752757455,0.2871655011819205,power,9.638866424560547,11.186063766479492,11.57213306427002,0.23703324794769287,0.046200926067885964,0.005223468675122931,3.2860918045043945,0.7271428571428571
femnist,topk,85,0.12,48506,404222,0.5000351095572114,0.025465397830614484,80.52884615384616,0.6235774113581731,0.7936623905410018,0.2871655011819205,1.6680276752757455,0.2871655011819205,power,9.640226364135742,10.824031829833984,10.914443969726562,0.23683497309684753,0.046328150022513365,0.005223468675122931,3.2721924781799316,0.7302315270935961
femnist,topk,86,0.12,48506,404222,0.5342819407559001,0.025261674647969568,80.52884615384616,0.6235774113581731,0.8029391043995261,0.2871655011819205,1.6680276752757455,0.2871655011819205,power,9.702018737792969,11.47907829284668,12.076969146728516,0.23699015378952026,0.046305591466209994,0.005223468675122931,3.361841917037964,0.7107586206896551
femnist,topk,87,0.12,48506,404222,0.48315470632165675,0.025059581250785813,80.52884615384616,0.6235774113581731,0.7945301397123793,0.2871655011819205,1.6680276752757455,0.2871655011819205,power,9.56486701965332,11.06875991821289,11.152828216552734,0.23689717054367065,0.0460747594255788,0.005223468675122931,3.2898917198181152,0.7263029556650247
femnist,topk,88,0.12,48506,404222,0.4784224366769195,0.02485910460077953,80.52884615384616,0.6235774113581731,0.7928531833257375,0.2871655011819205,1.6680276752757455,0.2871655011819205,power,9.61790943145752,10.854988098144531,10.944259643554688,0.23703633248806,0.04620855579839871,0.005223468675122931,3.284278392791748,0.7275443349753694
femnist,topk,89,0.12,48506,404222,0.47180444015190004,0.024660231763973292,80.52884615384616,0.6235774113581731,0.7953422726299746,0.2871655011819205,1.6680276752757455,0.2871655011819205,power,9.494402885437012,10.772005081176758,10.856255531311035,0.2368965446949005,0.046149282617589375,0.005223468675122931,3.2784736156463623,0.7288325123152709
femnist,topk,90,0.12,48506,404222,0.49520426679402585,0.024462949909861503,81.97115384615384,0.6060183598445013,0.7905938805138475,0.2871655011819205,1.6680276752757455,0.2871655011819205,power,9.569038391113281,10.929473876953125,11.152641296386719,0.23671182990074158,0.04599215379386667,0.005223468675122931,3.3028173446655273,0.7234605911330049
femnist,topk,91,0.12,48506,404222,0.4707822969183325,0.02426724631058261,81.97115384615384,0.6060183598445013,0.7875028538095223,0.2871655011819205,1.6680276752757455,0.2871655011819205,power,9.508564949035645,10.975398063659668,11.732569694519043,0.23689347505569458,0.046059499249835774,0.005223468675122931,3.2594285011291504,0.7330911330049261
femnist,topk,92,0.12,48506,404222,0.5111674056248738,0.024073108340097953,81.97115384615384,0.6060183598445013,0.7953332292698739,0.2871655011819205,1.6680276752757455,0.2871655011819205,power,9.50857162475586,11.121150970458984,11.48292064666748,0.23700246214866638,0.04607854090119266,0.005223468675122931,3.3805153369903564,0.7068325123152709
femnist,topk,93,0.12,48506,404222,0.49646528072655194,0.023880523473377168,81.97115384615384,0.6060183598445013,0.7920506790394186,0.2871655011819205,1.6680276752757455,0.2871655011819205,power,9.598295211791992,11.201308250427246,11.646794319152832,0.2366527020931244,0.046212610770177145,0.005223468675122931,3.3783609867095947,0.7072832512315271
femnist,topk,94,0.12,48506,404222,0.46681600538315254,0.023689479285590148,81.97115384615384,0.6060183598445013,0.7829515739238929,0.2871655011819205,1.6680276752757455,0.2871655011819205,power,9.601311683654785,10.975221633911133,11.59231948852539,0.23724260926246643,0.04609980847416013,0.005223468675122931,3.3029072284698486,0.7234408866995073
femnist,topk,95,0.12,48506,404222,0.5015697882394307,0.02349996345130543,81.25,0.5896793512197641,0.7907385649272582,0.2871655011819205,1.6680276752757455,0.2871655011819205,power,9.647878646850586,11.754719734191895,11.939759254455566,0.23700861632823944,0.046064675630061315,0.005223468675122931,3.3142473697662354,0.7209655172413794
femnist,topk,96,0.12,48506,404222,0.47907146459445354,0.023311963743694986,81.25,0.5896793512197641,0.7882835140905883,0.2871655011819205,1.6680276752757455,0.2871655011819205,power,9.580249786376953,10.856134414672852,11.332592964172363,0.23732943832874298,0.04591555198696411,0.005223468675122931,3.3051915168762207,0.7229408866995074
femnist,topk,97,0.12,48506,404222,0.45787936937995244,0.023125468033745426,81.25,0.5896793512197641,0.7776213995751866,0.2871655011819205,1.6680276752757455,0.2871655011819205,power,9.58556842803955,11.299773216247559,11.603432655334473,0.23681403696537018,0.04621781763389767,0.005223468675122931,3.246535539627075,0.7360024630541872
femnist,topk,98,0.12,48506,404222,0.5215675494191238,0.02294046428947546,81.25,0.5896793512197641,0.7938255872247546,0.2871655011819205,1.6680276752757455,0.2871655011819205,power,9.635031700134277,10.869414329528809,11.888816833496094,0.23653879761695862,0.04627136982658459,0.005223468675122931,3.36086368560791,0.7109655172413794
femnist,topk,99,0.12,48506,404222,0.46738683009054516,0.02275694057515966,81.25,0.5896793512197641,0.7806700793061885,0.2871655011819205,1.6680276752757455,0.2871655011819205,power,9.54233455657959,10.860858917236328,11.055813789367676,0.23686206340789795,0.04614674061036914,0.005223468675122931,3.2986955642700195,0.7243645320197044
femnist,topk,100,0.12,48506,404222,0.4123603970790282,0.02257488505055838,80.76923076923077,0.5986836506770208,0.7712230207307447,0.2871655011819205,1.6680276752757455,0.2871655011819205,power,9.598711967468262,11.548548698425293,11.835118293762207,0.23738731443881989,0.046139081317293544,0.005223468675122931,3.192066192626953,0.7485615763546798
femnist,topk,101,0.12,48506,404222,0.4754184334538878,0.022394285970153915,80.76923076923077,0.5986836506770208,0.7829645468889861,0.2871655011819205,1.6680276752757455,0.2871655011819205,power,9.62248420715332,11.35708999633789,11.88566780090332,0.23661145567893982,0.04621336516902558,0.005223468675122931,3.3245489597320557,0.7187315270935961
femnist,topk,102,0.12,48506,404222,0.44094621123746036,0.022215131682392683,80.76923076923077,0.5986836506770208,0.777055847878228,0.2871655011819205,1.6680276752757455,0.2871655011819205,power,9.633955001831055,11.18220329284668,11.310979843139648,0.23718225955963135,0.04607246779701054,0.005223468675122931,3.258465051651001,0.733307881773399
femnist,topk,103,0.12,48506,404222,0.42255181357264526,0.02203741062893354,80.76923076923077,0.5986836506770208,0.7752553553662062,0.2871655011819205,1.6680276752757455,0.2871655011819205,power,9.583399772644043,10.792701721191406,12.338624000549316,0.23695504665374756,0.046063811124890185,0.005223468675122931,3.2771999835968018,0.7291157635467981
femnist,topk,104,0.12,48506,404222,0.46379869922064243,0.021861111343902073,80.76923076923077,0.5986836506770208,0.7859992062842278,0.2871655011819205,1.6680276752757455,0.2871655011819205,power,9.528757095336914,10.917525291442871,11.852052688598633,0.2367820143699646,0.04625876436284751,0.005223468675122931,3.3675718307495117,0.7095492610837438
femnist,topk,105,0.12,48506,404222,0.44164490825496616,0.021686222453150855,82.6923076923077,0.5861579821659968,0.776820483622142,0.2871655011819205,1.6680276752757455,0.2871655011819205,power,9.642512321472168,11.106898307800293,11.364921569824219,0.23707327246665955,0.04613795666692856,0.005223468675122931,3.2737274169921875,0.7298891625615763
femnist,topk,106,0.12,48506,404222,0.41799053450115026,0.021512732673525648,82.6923076923077,0.5861579821659968,0.7685328126804263,0.2871655011819205,1.6680276752757455,0.2871655011819205,power,9.584330558776855,11.390351295471191,11.541777610778809,0.23666995763778687,0.04613479370807025,0.005223468675122931,3.252107858657837,0.7347413793103448
femnist,topk,107,0.12,48506,404222,0.4260168453911318,0.021340630812137443,82.6923076923077,0.5861579821659968,0.7826499069521604,0.2871655011819205,1.6680276752757455,0.2871655011819205,power,9.62042236328125,11.078648567199707,11.286316871643066,0.23690640926361084,0.04621195281052204,0.005223468675122931,3.3100407123565674,0.7218817733990148
femnist,topk,108,0.12,48506,404222,0.44907368990127,0.021169905765640346,82.6923076923077,0.5861579821659968,0.76961708654374,0.2871655011819205,1.6680276752757455,0.2871655011819205,power,9.535993576049805,11.138050079345703,11.614502906799316,0.23682573437690735,0.046126094871089755,0.005223468675122931,3.284156084060669,0.7275714285714285
femnist,topk,109,0.12,48506,404222,0.4133982696570456,0.02100054651951522,82.6923076923077,0.5861579821659968,0.7611652154099684,0.2871655011819205,1.6680276752757455,0.2871655011819205,power,9.608972549438477,11.079619407653809,11.370906829833984,0.23670750856399536,0.04594528613312326,0.005223468675122931,3.2573163509368896,0.7335665024630542
femnist,topk,110,0.12,48506,404222,0.45744860548526045,0.0208325421473591,81.73076923076923,0.5853655154888446,0.7801562817310737,0.2871655011819205,1.6680276752757455,0.2871655011819205,power,9.542752265930176,11.196111679077148,11.534225463867188,0.23721490800380707,0.04593982524377422,0.005223468675122931,3.331822156906128,0.7171625615763547
femnist,topk,111,0.12,48506,404222,0.42304864054080105,0.020665881810180226,81.73076923076923,0.5853655154888446,0.7700601702740157,0.2871655011819205,1.6680276752757455,0.2871655011819205,power,9.551982879638672,10.940296173095703,11.85243034362793,0.23682203888893127,0.04620600342438185,0.005223468675122931,3.2355668544769287,0.7384975369458128
femnist,topk,112,0.12,48506,404222,0.43556657218607137,0.020500554755698785,81.73076923076923,0.5853655154888446,0.7678152799532084,0.2871655011819205,1.6680276752757455,0.2871655011819205,power,9.598037719726562,10.936870574951172,11.176546096801758,0.2364901453256607,0.04631321245468682,0.005223468675122931,3.3266921043395996,0.7182684729064039
femnist,topk,113,0.12,48506,404222,0.41204209493938826,0.020336550317653194,81.73076923076923,0.5853655154888446,0.7689311570066648,0.2871655011819205,1.6680276752757455,0.2871655011819205,power,9.614603042602539,11.196600914001465,11.379097938537598,0.23668350279331207,0.04613581982617519,0.005223468675122931,3.3265326023101807,0.7183029556650247
femnist,topk,114,0.12,48506,404222,0.41336047370685264,0.02017385791511197,81.73076923076923,0.5853655154888446,0.7604554095846445,0.2871655011819205,1.6680276752757455,0.2871655011819205,power,9.6010160446167,10.971128463745117,11.390341758728027,0.23686330020427704,0.0462107737136664,0.005223468675122931,3.256572723388672,0.7337339901477833
femnist,topk,115,0.12,48506,404222,0.3879304724931717,0.02001246705179107,81.00961538461539,0.5613686488224909,0.761185146605293,0.2871655011819205,1.6680276752757455,0.2871655011819205,power,9.565531730651855,11.028388023376465,12.167552947998047,0.2372555434703827,0.046166709631476816,0.005223468675122931,3.2382020950317383,0.7378965517241379
femnist,topk,116,0.12,48506,404222,0.4123255923716351,0.019852367315376745,81.00961538461539,0.5613686488224909,0.7693221474347979,0.2871655011819205,1.6680276752757455,0.2871655011819205,power,9.647638320922852,11.385970115661621,11.753232955932617,0.23694828152656555,0.046336500290178315,0.005223468675122931,3.337174654006958,0.716012315270936
femnist,topk,117,0.12,48506,404222,0.3958579305373132,0.01969354837685373,81.00961538461539,0.5613686488224909,0.7601520292767627,0.2871655011819205,1.6680276752757455,0.2871655011819205,power,9.642538070678711,11.146891593933105,11.366843223571777,0.23687869310379028,0.04628241754102812,0.005223468675122931,3.256791353225708,0.7336847290640394
femnist,topk,118,0.12,48506,404222,0.40728635614039377,0.0195359999898389,81.00961538461539,0.5613686488224909,0.7647940203594399,0.2871655011819205,1.6680276752757455,0.2871655011819205,power,9.55647087097168,11.105464935302734,11.696403503417969,0.23679740726947784,0.046138432732667614,0.005223468675122931,3.2402894496917725,0.7374211822660098
femnist,topk,119,0.12,48506,404222,0.43210539066698406,0.01937971198992019,81.00961538461539,0.5613686488224909,0.7736951675673065,0.2871655011819205,1.6680276752757455,0.2871655011819205,power,9.654434204101562,11.139058113098145,11.496018409729004,0.23694396018981934,0.04619769206496127,0.005223468675122931,3.3327150344848633,0.7169704433497537
femnist,topk,120,0.12,48506,404222,0.39886700919829315,0.019224674294000824,81.49038461538461,0.5705285439124475,0.7585847532240276,0.2871655011819205,1.6680276752757455,0.2871655011819205,power,9.618565559387207,11.433982849121094,11.605640411376953,0.23674198985099792,0.0462393155074205,0.005223468675122931,3.2395970821380615,0.7375788177339901
femnist,topk,121,0.12,48506,404222,0.3972958439402282,0.019070876899648818,81.49038461538461,0.5705285439124475,0.7577191848684738,0.2871655011819205,1.6680276752757455,0.2871655011819205,power,9.598319053649902,11.148584365844727,11.764680862426758,0.23641933500766754,0.04622000712857221,0.005223468675122931,3.261916399002075,0.7325320197044335
femnist,topk,122,0.12,48506,404222,0.4313883253396488,0.01891830988445163,81.49038461538461,0.5705285439124475,0.7702052338046913,0.2871655011819205,1.6680276752757455,0.2871655011819205,power,9.60547161102295,10.904321670532227,11.05136489868164,0.23711945116519928,0.04618587829622777,0.005223468675122931,3.3767383098602295,0.7076231527093596
femnist,topk,123,0.12,48506,404222,0.40562250142917033,0.018766963405376015,81.49038461538461,0.5705285439124475,0.7669996645125101,0.2871655011819205,1.6680276752757455,0.2871655011819205,power,9.50829029083252,10.971306800842285,11.801261901855469,0.23676539957523346,0.04617681485072292,0.005223468675122931,3.27817440032959,0.7288990147783251
femnist,topk,124,0.12,48506,404222,0.38898746043443677,0.01861682769813301,81.49038461538461,0.5705285439124475,0.7602972472588106,0.2871655011819205,1.6680276752757455,0.2871655011819205,power,9.568432807922363,10.895642280578613,11.231332778930664,0.23732511699199677,0.045958448540648976,0.005223468675122931,3.254333257675171,0.7342389162561577
femnist,topk,125,0.12,48506,404222,0.3997257534042001,0.018467893076547944,82.21153846153847,0.5640512246351975,0.7692370245514808,0.2871655011819205,1.6680276752757455,0.2871655011819205,power,9.576590538024902,10.76465129852295,11.308427810668945,0.23686206340789795,0.04619694313085773,0.005223468675122931,3.3248109817504883,0.7186748768472906
femnist,topk,126,0.12,48506,404222,0.39873947339598087,0.01832014993193556,82.21153846153847,0.5640512246351975,0.7600212982185812,0.2871655011819205,1.6680276752757455,0.2871655011819205,power,9.510717391967773,11.220564842224121,12.159160614013672,0.23671859502792358,0.04616211952961841,0.005223468675122931,3.277310609817505,0.7290911330049261
femnist,topk,127,0.12,48506,404222,0.37668850833084433,0.018173588732480074,82.21153846153847,0.5640512246351975,0.7539741797706312,0.2871655011819205,1.6680276752757455,0.2871655011819205,power,9.511037826538086,11.282355308532715,11.718354225158691,0.23668472468852997,0.0460095601376298,0.005223468675122931,3.2622673511505127,0.7324532019704434
femnist,topk,128,0.12,48506,404222,0.4236597994808108,0.018028200022620233,82.21153846153847,0.5640512246351975,0.7632108845303325,0.2871655011819205,1.6680276752757455,0.2871655011819205,power,9.557123184204102,11.074889183044434,11.252479553222656,0.2372998744249344,0.04588943829964935,0.005223468675122931,3.3716330528259277,0.7086945812807882
femnist,topk,129,0.12,48506,404222,0.4270242742449045,0.01788397442243927,82.21153846153847,0.5640512246351975,0.7573312559306087,0.2871655011819205,1.6680276752757455,0.2871655011819205,power,9.586463928222656,10.98878288269043,11.206565856933594,0.2369501292705536,0.046192363682930206,0.005223468675122931,3.3056983947753906,0.7228300492610837
femnist,topk,130,0.12,48506,404222,0.4002948959369679,0.017740902627059758,82.9326923076923,0.5672411185044509,0.7546660156314551,0.2871655011819205,1.6680276752757455,0.2871655011819205,power,9.622800827026367,11.048979759216309,11.444765090942383,0.2367752492427826,0.04617688904381254,0.005223468675122931,3.2653088569641113,0.7317709359605912
femnist,topk,131,0.12,48506,404222,0.43569076506420973,0.017598975406043278,82.9326923076923,0.5672411185044509,0.7530476449233909,0.2871655011819205,1.6680276752757455,0.2871655011819205,power,9.562620162963867,10.873628616333008,10.990900993347168,0.2366853505373001,0.04625578357916399,0.005223468675122931,3.247100591659546,0.7358743842364532
femnist,topk,132,0.12,48506,404222,0.3817615127703176,0.017458183602794934,82.9326923076923,0.5672411185044509,0.7587761824931691,0.2871655011819205,1.6680276752757455,0.2871655011819205,power,9.530193328857422,11.00197696685791,11.575447082519531,0.237333744764328,0.0459921231958576,0.005223468675122931,3.2678606510162354,0.7311995073891625
femnist,topk,133,0.12,48506,404222,0.3895198460505344,0.01731851813397257,82.9326923076923,0.5672411185044509,0.7481313307737325,0.2871655011819205,1.6680276752757455,0.2871655011819205,power,9.60122299194336,11.013030052185059,11.237135887145996,0.23677462339401245,0.046318404811514675,0.005223468675122931,3.254486083984375,0.734204433497537
femnist,topk,134,0.12,48506,404222,0.41408955539576714,0.017179969988900794,82.9326923076923,0.5672411185044509,0.7688262042387773,0.2871655011819205,1.6680276752757455,0.2871655011819205,power,9.618650436401367,11.273148536682129,12.133049011230469,0.23688669502735138,0.04612263154076824,0.005223468675122931,3.3513314723968506,0.712987684729064
femnist,topk,135,0.12,48506,404222,0.3939314439147711,0.017042530228989588,82.9326923076923,0.5501638192396897,0.7546062067962165,0.2871655011819205,1.6680276752757455,0.2871655011819205,power,9.613340377807617,11.169938087463379,11.372118949890137,0.2368842363357544,0.04609193064843502,0.005223468675122931,3.2995595932006836,0.7241748768472906
femnist,topk,136,0.12,48506,404222,0.36756916856626043,0.01690618998715767,82.9326923076923,0.5501638192396897,0.7497180190042407,0.2871655011819205,1.6680276752757455,0.2871655011819205,power,9.537343978881836,11.000834465026855,11.603092193603516,0.2374359667301178,0.04619158499094806,0.005223468675122931,3.2587387561798096,0.7332463054187192
femnist,topk,137,0.12,48506,404222,0.40408293465152384,0.016770940467260406,82.9326923076923,0.5501638192396897,0.7618663855106619,0.2871655011819205,1.6680276752757455,0.2871655011819205,power,9.569174766540527,11.140318870544434,11.463497161865234,0.2371816486120224,0.04609043836731707,0.005223468675122931,3.3445608615875244,0.7144310344827586
femnist,topk,138,0.12,48506,404222,0.37493163208826447,0.016636772943522324,82.9326923076923,0.5501638192396897,0.749324770224246,0.2871655011819205,1.6680276752757455,0.2871655011819205,power,9.533120155334473,11.039596557617188,11.856337547302246,0.23709851503372192,0.045922622616708014,0.005223468675122931,3.273627996444702,0.7299113300492611
femnist,topk,139,0.12,48506,404222,0.36908492211718114,0.016503678759974143,82.9326923076923,0.5501638192396897,0.7476536635497292,0.2871655011819205,1.6680276752757455,0.2871655011819205,power,9.574918746948242,10.978301048278809,11.463384628295898,0.23667733371257782,0.046267845065931124,0.005223468675122931,3.2793378829956055,0.72864039408867
femnist,topk,140,0.12,48506,404222,0.37562858605291705,0.016371649329894353,80.76923076923077,0.5783159549419696,0.7551029293091263,0.2871655011819205,1.6680276752757455,0.2871655011819205,power,9.586514472961426,11.383442878723145,11.850980758666992,0.23713116347789764,0.04617322624115604,0.005223468675122931,3.324138879776001,0.718820197044335
femnist,topk,141,0.12,48506,404222,0.3863173479447142,0.0162406761352552,80.76923076923077,0.5783159549419696,0.751879491643994,0.2871655011819205,1.6680276752757455,0.2871655011819205,power,9.5767240524292,11.326813697814941,12.356009483337402,0.23698830604553223,0.046305665109511285,0.005223468675122931,3.2615983486175537,0.7326034482758621
femnist,topk,142,0.12,48506,404222,0.3581017631944269,0.016110750726173153,80.76923076923077,0.5783159549419696,0.743933724546926,0.2871655011819205,1.6680276752757455,0.2871655011819205,power,9.568023681640625,11.352399826049805,12.45973014831543,0.23737192153930664,0.04599539769930437,0.005223468675122931,3.237856149673462,0.737975369458128
femnist,topk,143,0.12,48506,404222,0.3940108931378927,0.01598186472036377,80.76923076923077,0.5783159549419696,0.7619670166173467,0.2871655011819205,1.6680276752757455,0.2871655011819205,power,9.56250286102295,10.953295707702637,11.146520614624023,0.23686575889587402,0.04593492775646621,0.005223468675122931,3.336750030517578,0.716103448275862
femnist,topk,144,0.12,48506,404222,0.36869356399169195,0.01585400980260086,80.76923076923077,0.5783159549419696,0.7454794019435036,0.2871655011819205,1.6680276752757455,0.2871655011819205,power,9.581374168395996,11.102084159851074,11.572998046875,0.23687808215618134,0.046032699182745704,0.005223468675122931,3.2138078212738037,0.7434975369458128
femnist,topk,145,0.12,48506,404222,0.35978389502968644,0.015727177724180055,82.6923076923077,0.5647536791287936,0.7395564861849224,0.2871655011819205,1.6680276752757455,0.2871655011819205,power,9.615311622619629,11.383661270141602,11.957235336303711,0.23712068796157837,0.04607584398700855,0.005223468675122931,3.20068097114563,0.7465467980295567
femnist,topk,146,0.12,48506,404222,0.3959194665076212,0.01560136030238661,82.6923076923077,0.5647536791287936,0.7622947174329247,0.2871655011819205,1.6680276752757455,0.2871655011819205,power,9.547658920288086,10.864544868469238,10.975207328796387,0.23692426085472107,0.04616951131145819,0.005223468675122931,3.3708364963531494,0.7088620689655173
femnist,topk,147,0.12,48506,404222,0.38326956380158655,0.01547654941996752,82.6923076923077,0.5647536791287936,0.7488652635623569,0.2871655011819205,1.6680276752757455,0.2871655011819205,power,9.606030464172363,11.37884521484375,11.754659652709961,0.2366514801979065,0.046241992200955234,0.005223468675122931,3.2963194847106934,0.7248866995073892
femnist,topk,148,0.12,48506,404222,0.3533909776899964,0.01535273702460778,82.6923076923077,0.5647536791287936,0.7419964991190111,0.2871655011819205,1.6680276752757455,0.2871655011819205,power,9.578743934631348,11.214438438415527,11.663436889648438,0.23732450604438782,0.04598588158020462,0.005223468675122931,3.2167062759399414,0.7428275862068966
femnist,topk,149,0.12,48506,404222,0.3719294595322572,0.015229915128410917,82.6923076923077,0.5647536791287936,0.7507291818704928,0.2871655011819205,1.6680276752757455,0.2871655011819205,power,9.577461242675781,11.337764739990234,12.794665336608887,0.2366071492433548,0.04632167894272217,0.005223468675122931,3.335935354232788,0.7162783251231527
femnist,topk,150,0.12,48506,404222,0.3645608389843255,0.015108075807383629,83.17307692307692,0.5381426444420447,0.7378285382996164,0.2871655011819205,1.6680276752757455,0.2871655011819205,power,9.633357048034668,11.14842414855957,11.389847755432129,0.236918106675148,0.045883486523413626,0.005223468675122931,3.221202850341797,0.7417906403940887
femnist,topk,151,0.12,48506,404222,0.35474840002134445,0.014987211200924562,83.17307692307692,0.5381426444420447,0.7399032313900987,0.2871655011819205,1.6680276752757455,0.2871655011819205,power,9.595186233520508,11.108511924743652,11.266361236572266,0.23720812797546387,0.04593188414624556,0.005223468675122931,3.2357826232910156,0.738448275862069
femnist,topk,152,0.12,48506,404222,0.44018305649980904,0.014867313511317162,83.17307692307692,0.5381426444420447,0.763998298728074,0.2871655011819205,1.6680276752757455,0.2871655011819205,power,9.605810165405273,11.475513458251953,12.292911529541016,0.23699630796909332,0.046086708524425965,0.005223468675122931,3.4160237312316895,0.6994852216748768
femnist,topk,153,0.12,48506,404222,0.341787732236553,0.014748375003226625,83.17307692307692,0.5381426444420447,0.7374970761925479,0.2871655011819205,1.6680276752757455,0.2871655011819205,power,9.592146873474121,11.155169486999512,11.522994995117188,0.237099751830101,0.04589665093640607,0.005223468675122931,3.215181827545166,0.743179802955665
femnist,topk,154,0.12,48506,404222,0.3408660808950662,0.014630388003200812,83.17307692307692,0.5381426444420447,0.7348285609917913,0.2871655011819205,1.6680276752757455,0.2871655011819205,power,9.59131908416748,11.15455436706543,11.24785041809082,0.23696613311767578,0.04596692433875961,0.005223468675122931,3.2361819744110107,0.7383571428571428
femnist,topk,155,0.12,48506,404222,0.38263842934742565,0.014513344899175207,82.45192307692308,0.5580936578603891,0.758624065304466,0.2871655011819205,1.6680276752757455,0.2871655011819205,power,9.573925018310547,10.942282676696777,11.07110595703125,0.2368842363357544,0.04601058771608803,0.005223468675122931,3.400672435760498,0.7026428571428571
femnist,topk,156,0.12,48506,404222,0.34428760439855977,0.014397238139981805,82.45192307692308,0.5580936578603891,0.7352455668534712,0.2871655011819205,1.6680276752757455,0.2871655011819205,power,9.563101768493652,11.236258506774902,11.351480484008789,0.2370147854089737,0.04605074834765006,0.005223468675122931,3.2592313289642334,0.7331354679802956
femnist,topk,157,0.12,48506,404222,0.37600790005410095,0.014282060234861949,82.45192307692308,0.5580936578603891,0.7384154653077704,0.2871655011819205,1.6680276752757455,0.2871655011819205,power,9.608990669250488,11.20854663848877,11.649730682373047,0.23691441118717194,0.046142805083809926,0.005223468675122931,3.2852015495300293,0.7273399014778326
femnist,topk,158,0.12,48506,404222,0.3722251600679011,0.014167803752983056,82.45192307692308,0.5580936578603891,0.7430675710719621,0.2871655011819205,1.6680276752757455,0.2871655011819205,power,9.645536422729492,11.11982536315918,11.985921859741211,0.23692241311073303,0.046096807717057986,0.005223468675122931,3.3345019817352295,0.7165862068965517
femnist,topk,159,0.12,48506,404222,0.36767698944546284,0.01405446132295919,82.45192307692308,0.5580936578603891,0.7411919987813074,0.2871655011819205,1.6680276752757455,0.2871655011819205,power,9.55966854095459,11.290401458740234,11.570751190185547,0.23723337054252625,0.04601139831588636,0.005223468675122931,3.286637306213379,0.7270221674876848
femnist,topk,160,0.12,48506,404222,0.37953606832074,0.013942025632375517,82.45192307692308,0.5375472582303561,0.7369976756897418,0.2871655011819205,1.6680276752757455,0.2871655011819205,power,9.639720916748047,11.230317115783691,11.528709411621094,0.23725245893001556,0.04621348147973655,0.005223468675122931,3.2946290969848633,0.7252586206896552
femnist,topk,161,0.12,48506,404222,0.37715038967086,0.013830489427316512,82.45192307692308,0.5375472582303561,0.7456409163259801,0.2871655011819205,1.6680276752757455,0.2871655011819205,power,9.512956619262695,10.845616340637207,11.460591316223145,0.23701170086860657,0.045963023222319876,0.005223468675122931,3.288085460662842,0.7267019704433497
femnist,topk,162,0.12,48506,404222,0.3731054323911667,0.01371984551189798,82.45192307692308,0.5375472582303561,0.7294813221465153,0.2871655011819205,1.6680276752757455,0.2871655011819205,power,9.537555694580078,11.167490005493164,11.481136322021484,0.23699261248111725,0.045969409722515064,0.005223468675122931,3.265001058578491,0.7318399014778325
femnist,topk,163,0.12,48506,404222,0.3521495193219743,0.013610086747802798,82.45192307692308,0.5375472582303561,0.7258666490343328,0.2871655011819205,1.6680276752757455,0.2871655011819205,power,9.559398651123047,11.298925399780273,11.545120239257812,0.23719704151153564,0.04593779631621092,0.005223468675122931,3.259187698364258,0.7331453201970444
femnist,topk,164,0.12,48506,404222,0.38480046348180624,0.013501206053820373,82.45192307692308,0.5375472582303561,0.743902699780268,0.2871655011819205,1.6680276752757455,0.2871655011819205,power,9.538886070251465,10.877714157104492,11.254524230957031,0.2364550530910492,0.04625955067127657,0.005223468675122931,3.3643603324890137,0.7102266009852217
femnist,topk,165,0.12,48506,404222,0.3629718631505966,0.01339319640538981,82.9326923076923,0.5484755589411809,0.7276976160183267,0.2871655011819205,1.6680276752757455,0.2871655011819205,power,9.624507904052734,11.75165843963623,12.389280319213867,0.23692180216312408,0.04615355035086229,0.005223468675122931,3.2631452083587646,0.732256157635468
femnist,topk,166,0.12,48506,404222,0.36432557083666317,0.01328605083414669,82.9326923076923,0.5484755589411809,0.7260079072394615,0.2871655011819205,1.6680276752757455,0.2871655011819205,power,9.570379257202148,11.102496147155762,11.142219543457031,0.236564040184021,0.046290985395552854,0.005223468675122931,3.2476658821105957,0.7357463054187192
femnist,topk,167,0.12,48506,404222,0.3780758798378519,0.01317976242747352,82.9326923076923,0.5484755589411809,0.7367720371948618,0.2871655011819205,1.6680276752757455,0.2871655011819205,power,9.53825855255127,11.487685203552246,11.679610252380371,0.23722106218338013,0.04600007112162127,0.005223468675122931,3.334742784500122,0.7165344827586206
femnist,topk,168,0.12,48506,404222,0.38919705685693773,0.01307432432805373,82.9326923076923,0.5484755589411809,0.7267180450054948,0.2871655011819205,1.6680276752757455,0.2871655011819205,power,9.62060260772705,11.107492446899414,11.326221466064453,0.23666810989379883,0.04627957248597114,0.005223468675122931,3.2990658283233643,0.7242832512315271
femnist,topk,169,0.12,48506,404222,0.36399770907592033,0.012969729733429301,82.9326923076923,0.5484755589411809,0.7172950560770858,0.2871655011819205,1.6680276752757455,0.2871655011819205,power,9.626043319702148,11.365602493286133,11.61688232421875,0.2370295524597168,0.04616546114027647,0.005223468675122931,3.2244789600372314,0.7410369458128079
femnist,topk,170,0.12,48506,404222,0.3968396717496216,0.012865971895561865,81.97115384615384,0.5513288791363056,0.7380749124872803,0.2871655011819205,1.6680276752757455,0.2871655011819205,power,9.57532787322998,11.00469970703125,11.501379013061523,0.23708127439022064,0.04599443580422494,0.005223468675122931,3.368109703063965,0.709435960591133
femnist,topk,171,0.12,48506,404222,0.3695680368924513,0.012763044120397372,81.97115384615384,0.5513288791363056,0.7233624812820909,0.2871655011819205,1.6680276752757455,0.2871655011819205,power,9.5415678024292,11.029813766479492,11.41528606414795,0.23696120083332062,0.046124654609588034,0.005223468675122931,3.3026936054229736,0.723487684729064
femnist,topk,172,0.12,48506,404222,0.36084872428327797,0.01266093976743419,81.97115384615384,0.5513288791363056,0.7145448578622597,0.2871655011819205,1.6680276752757455,0.2871655011819205,power,9.535786628723145,10.951163291931152,11.219597816467285,0.2368842363357544,0.04605298404294335,0.005223468675122931,3.2773993015289307,0.7290714285714286
femnist,topk,173,0.12,48506,404222,0.38001314273802567,0.012559652249294718,81.97115384615384,0.5513288791363056,0.7331185576046766,0.2871655011819205,1.6680276752757455,0.2871655011819205,power,9.599037170410156,11.1622896194458,11.742634773254395,0.23699815571308136,0.046076399803821375,0.005223468675122931,3.3799381256103516,0.7069532019704433
femnist,topk,174,0.12,48506,404222,0.3725650634430349,0.012459175031300361,81.97115384615384,0.5513288791363056,0.7144070287061023,0.2871655011819205,1.6680276752757455,0.2871655011819205,power,9.602150917053223,11.410614013671875,11.559610366821289,0.2371034473180771,0.046206552512016094,0.005223468675122931,3.2911641597747803,0.7260221674876848
femnist,topk,175,0.12,48506,404222,0.34378303620032963,0.012359501631049957,82.45192307692308,0.5479490940387433,0.7079749148147357,0.2871655011819205,1.6680276752757455,0.2871655011819205,power,9.652338981628418,11.224156379699707,11.464618682861328,0.23697228729724884,0.04602088019762284,0.005223468675122931,3.245753526687622,0.736179802955665
femnist,topk,176,0.12,48506,404222,0.3711797107709572,0.012260625618001557,82.45192307692308,0.5479490940387433,0.7279965756339507,0.2871655011819205,1.6680276752757455,0.2871655011819205,power,9.589757919311523,11.493907928466797,11.825859069824219,0.23669889569282532,0.046197136513575744,0.005223468675122931,3.2985050678253174,0.7244064039408867
femnist,topk,177,0.12,48506,404222,0.3547306470468174,0.012162540613057545,82.45192307692308,0.5479490940387433,0.7110597585176539,0.2871655011819205,1.6680276752757455,0.2871655011819205,power,9.57925796508789,10.88387680053711,11.109956741333008,0.23692919313907623,0.046200928492943695,0.005223468675122931,3.267805576324463,0.7312118226600985
femnist,topk,178,0.12,48506,404222,0.35381655122619127,0.012065240288153084,82.45192307692308,0.5479490940387433,0.7060540613774002,0.2871655011819205,1.6680276752757455,0.2871655011819205,power,9.563018798828125,10.95817756652832,11.166544914245605,0.23725061118602753,0.04602780637670348,0.005223468675122931,3.250070333480835,0.7352019704433498
femnist,topk,179,0.12,48506,404222,0.40204491812735793,0.01196871836584786,82.45192307692308,0.5479490940387433,0.7276179484106542,0.2871655011819205,1.6680276752757455,0.2871655011819205,power,9.621506690979004,11.412879943847656,11.838101387023926,0.236507385969162,0.0463162948743676,0.005223468675122931,3.368530750274658,0.709347290640394
femnist,topk,180,0.12,48506,404222,0.3521121839387342,0.011872968618921077,83.65384615384616,0.5593074285067045,0.7062573330370858,0.2871655011819205,1.6680276752757455,0.2871655011819205,power,9.497095108032227,11.07071590423584,11.425477027893066,0.23690393567085266,0.04611636812828867,0.005223468675122931,3.2469918727874756,0.7358990147783251
femnist,topk,181,0.12,48506,404222,0.36045514463447037,0.011777984869969707,83.65384615384616,0.5593074285067045,0.703570124384228,0.2871655011819205,1.6680276752757455,0.2871655011819205,power,9.61138916015625,11.123106956481934,11.196199417114258,0.2373325079679489,0.046264786341391737,0.005223468675122931,3.270890712738037,0.7305221674876847
femnist,topk,182,0.12,48506,404222,0.3825601318303961,0.011683760991009949,83.65384615384616,0.5593074285067045,0.7227521497457923,0.2871655011819205,1.6680276752757455,0.2871655011819205,power,9.600080490112305,11.523415565490723,11.85219669342041,0.23706835508346558,0.04621870716165676,0.005223468675122931,3.3782787322998047,0.7073004926108374
femnist,topk,183,0.12,48506,404222,0.3648615706991404,0.01159029090308187,83.65384615384616,0.5593074285067045,0.7090776097597568,0.2871655011819205,1.6680276752757455,0.2871655011819205,power,9.542914390563965,11.046516418457031,11.342870712280273,0.23731404542922974,0.0461358593547888,0.005223468675122931,3.3006935119628906,0.7239261083743842
femnist,topk,184,0.12,48506,404222,0.3582544457260519,0.011497568575857216,83.65384615384616,0.5593074285067045,0.7078572001455071,0.2871655011819205,1.6680276752757455,0.2871655011819205,power,9.638373374938965,11.170324325561523,11.777094841003418,0.2367604672908783,0.046351528238540864,0.005223468675122931,3.2785511016845703,0.7288152709359605
femnist,topk,185,0.12,48506,404222,0.3637096795998514,0.011405588027250358,81.49038461538461,0.5671551044170673,0.7102995749062458,0.2871655011819205,1.6680276752757455,0.2871655011819205,power,9.568268775939941,11.199979782104492,11.291015625,0.23730048537254333,0.04597867966935586,0.005223468675122931,3.3025810718536377,0.723512315270936
femnist,topk,186,0.12,48506,404222,0.36793167643249036,0.011314343323032355,81.49038461538461,0.5671551044170673,0.7096697159080263,0.2871655011819205,1.6680276752757455,0.2871655011819205,power,9.568453788757324,11.263382911682129,11.746478080749512,0.2372383028268814,0.04605586963301223,0.005223468675122931,3.292426347732544,0.725743842364532
femnist,topk,187,0.12,48506,404222,0.3459254860505462,0.011223828576448096,81.49038461538461,0.5671551044170673,0.6957682412724134,0.2871655011819205,1.6680276752757455,0.2871655011819205,power,9.614763259887695,11.101524353027344,11.672599792480469,0.23686884343624115,0.0462617887336181,0.005223468675122931,3.246340036392212,0.7360467980295566
femnist,topk,188,0.12,48506,404222,0.3895928676868789,0.01113403794783651,81.49038461538461,0.5671551044170673,0.7261040302003146,0.2871655011819205,1.6680276752757455,0.2871655011819205,power,9.575117111206055,11.073701858520508,11.291485786437988,0.2369624376296997,0.04617664375858623,0.005223468675122931,3.409085273742676,0.7009088669950739
femnist,topk,189,0.12,48506,404222,0.34495402581989765,0.011044965644253819,81.49038461538461,0.5671551044170673,0.6966031393006261,0.2871655011819205,1.6680276752757455,0.2871655011819205,power,9.570213317871094,11.258411407470703,11.575996398925781,0.23741748929023743,0.045917535857368484,0.005223468675122931,3.237532138824463,0.7380492610837438
femnist,topk,190,0.12,48506,404222,0.3444886944885365,0.010956605919099789,82.21153846153847,0.5694508185753455,0.6913521300705884,0.2871655011819205,1.6680276752757455,0.2871655011819205,power,9.603560447692871,11.087597846984863,11.257914543151855,0.2368897795677185,0.046081054177815724,0.005223468675122931,3.2681028842926025,0.7311453201970444
femnist,topk,191,0.12,48506,404222,0.3783738207723945,0.010868953071746991,82.21153846153847,0.5694508185753455,0.7059662622632525,0.2871655011819205,1.6680276752757455,0.2871655011819205,power,9.537027359008789,11.15382194519043,11.547334671020508,0.23690147697925568,0.046018459373053246,0.005223468675122931,3.3709771633148193,0.7088325123152709
femnist,topk,192,0.12,48506,404222,0.3704128993488848,0.010782001447173013,82.21153846153847,0.5694508185753455,0.6918317362455404,0.2871655011819205,1.6680276752757455,0.2871655011819205,power,9.643746376037598,11.456315040588379,12.141239166259766,0.23663730919361115,0.046145297137222825,0.005223468675122931,3.303098440170288,0.7233990147783251
femnist,topk,193,0.12,48506,404222,0.3336684735910967,0.010695745435595629,82.21153846153847,0.5694508185753455,0.6834462489442981,0.2871655011819205,1.6680276752757455,0.2871655011819205,power,9.574173927307129,11.151896476745605,11.531109809875488,0.23727402091026306,0.04603338484098222,0.005223468675122931,3.2607321739196777,0.7327980295566503
femnist,topk,194,0.12,48506,404222,0.3768720441590995,0.010610179472110865,82.21153846153847,0.5694508185753455,0.7076527401017711,0.2871655011819205,1.6680276752757455,0.2871655011819205,power,9.51025676727295,11.101072311401367,11.67529010772705,0.23683127760887146,0.04607094798821378,0.005223468675122931,3.392134666442871,0.704411330049261
femnist,topk,195,0.12,48506,404222,0.3676677037402988,0.010525298036333978,82.6923076923077,0.5900432146512545,0.6953192694277827,0.2871655011819205,1.6680276752757455,0.2871655011819205,power,9.572999000549316,10.989434242248535,11.538618087768555,0.23732326924800873,0.045957285822400135,0.005223468675122931,3.31715989112854,0.720332512315271
femnist,topk,196,0.12,48506,404222,0.3510561512655112,0.010441095652043306,82.6923076923077,0.5900432146512545,0.6814566942706277,0.2871655011819205,1.6680276752757455,0.2871655011819205,power,9.537921905517578,10.960265159606934,11.232247352600098,0.23710036277770996,0.04602526788853442,0.005223468675122931,3.256660223007202,0.7337142857142858
femnist,topk,197,0.12,48506,404222,0.35753837885335094,0.01035756688682696,82.6923076923077,0.5900432146512545,0.6985004747223084,0.2871655011819205,1.6680276752757455,0.2871655011819205,power,9.557199478149414,11.53364086151123,12.424917221069336,0.23708929121494293,0.04614134508279337,0.005223468675122931,3.3439154624938965,0.7145689655172414
femnist,topk,198,0.12,48506,404222,0.37234105018898844,0.010274706351732344,82.6923076923077,0.5900432146512545,0.6931239627854919,0.2871655011819205,1.6680276752757455,0.2871655011819205,power,9.673343658447266,11.1022367477417,11.494270324707031,0.23657697439193726,0.04608005192636749,0.005223468675122931,3.309340715408325,0.7220344827586207
femnist,topk,199,0.12,48506,404222,0.3518738358002156,0.010192508700918486,82.6923076923077,0.5900432146512545,0.6765542494106054,0.2871655011819205,1.6680276752757455,0.2871655011819205,power,9.603289604187012,11.259674072265625,11.546804428100586,0.23671305179595947,0.04631387591438766,0.005223468675122931,3.278883457183838,0.7287413793103448
femnist,topk,200,0.12,48506,404222,0.3655429541738704,0.010110968631311137,81.73076923076923,0.5837078094482422,0.7061891516029271,0.2871655011819205,1.6680276752757455,0.2871655011819205,power,9.632102966308594,11.1887788772583,11.445030212402344,0.23642057180404663,0.04637416803164431,0.005223468675122931,3.353544235229492,0.7125172413793104
