dataset,method,round,ratio,k,d,train_loss,test_accuracy,test_loss,retained_energy,b_power,b_privacy,b_star,regime,papr_mean_db,papr_p99_db,papr_max_db,clip_sample_ratio,normalized_clip_energy,u_active_mean,active_resource_ratio
femnist,full,1,1.0,404222,404222,3.904452199935913,10.049019607843137,3.823184742647059,1.0,0.3145719702064071,0.5559437975250668,0.3145719702064071,power,9.607163429260254,11.154768943786621,11.799439430236816,0.0019390394445508718,0.00012825520732251866,20.0,0.9956206896551724
femnist,full,2,1.0,404222,404222,3.8601181745529174,13.970588235294118,3.7804068771063113,1.0,0.3145719702064071,0.5559437975250668,0.3145719702064071,power,9.534972190856934,10.911418914794922,11.170998573303223,0.0019741379655897617,0.00011821457640349965,20.0,0.9956206896551724
femnist,full,3,1.0,404222,404222,3.7167334699630734,16.91176470588235,3.667070276596967,1.0,0.3145719702064071,0.5559437975250668,0.3145719702064071,power,9.59669303894043,11.120391845703125,11.257367134094238,0.0019396551651880145,0.00012812804060901396,20.0,0.9956206896551724
femnist,full,4,1.0,404222,404222,3.651544044017792,13.970588235294118,3.61689728381587,1.0,0.3145719702064071,0.5559437975250668,0.3145719702064071,power,9.597914695739746,11.037271499633789,11.260583877563477,0.002014778321608901,0.0001299583364987979,20.0,0.9956206896551724
femnist,full,5,1.0,404222,404222,3.594918931722641,25.735294117647058,3.5459905886182597,1.0,0.3145719702064071,0.5559437975250668,0.3145719702064071,power,9.536333084106445,10.953253746032715,11.281523704528809,0.001852216781117022,0.00011773589427651246,20.0,0.9956206896551724
femnist,full,6,1.0,404222,404222,3.5322960007190702,22.794117647058822,3.4763500737208948,1.0,0.3145719702064071,0.5559437975250668,0.3145719702064071,power,9.540801048278809,11.273921966552734,11.65185546875,0.0019156404305249453,0.00011754633190829279,20.0,0.9956206896551724
femnist,full,7,1.0,404222,404222,3.456566364765167,25.0,3.4307855344286153,1.0,0.3145719702064071,0.5559437975250668,0.3145719702064071,power,9.59082317352295,11.286787986755371,11.916007041931152,0.0019562807865440845,0.0001358714228576561,20.0,0.9956206896551724
femnist,full,8,1.0,404222,404222,3.4579702448844905,27.45098039215686,3.3906719731349573,1.0,0.3145719702064071,0.5559437975250668,0.3145719702064071,power,9.632116317749023,11.206608772277832,11.874995231628418,0.001926724100485444,0.00013259588571859948,20.0,0.9956206896551724
femnist,full,9,1.0,404222,404222,3.457216633558273,33.333333333333336,3.3157647824754903,1.0,0.3145719702064071,0.5559437975250668,0.3145719702064071,power,9.606735229492188,11.561415672302246,11.766587257385254,0.0019248768221586943,0.00012698902878644685,20.0,0.9956206896551724
femnist,full,10,1.0,404222,404222,3.272670476436615,35.294117647058826,3.193227730545343,1.0,0.3145719702064071,0.5559437975250668,0.3145719702064071,power,9.553776741027832,11.361509323120117,11.806384086608887,0.0018793103517964482,0.00012210011617050942,20.0,0.9956206896551724
femnist,full,11,1.0,404222,404222,3.306754057407379,33.57843137254902,3.197270112879136,1.0,0.3145719702064071,0.5559437975250668,0.3145719702064071,power,9.64919376373291,11.268946647644043,12.442754745483398,0.0020067733712494373,0.00013524569583420304,20.0,0.9956206896551724
femnist,full,12,1.0,404222,404222,3.2541885888576507,37.009803921568626,3.1646112180223653,1.0,0.3145719702064071,0.5559437975250668,0.3145719702064071,power,9.631885528564453,11.22014331817627,11.653594970703125,0.001970443408936262,0.00013445360766239852,20.0,0.9956206896551724
femnist,full,13,1.0,404222,404222,3.1348918795585634,39.21568627450981,2.977411008348652,1.0,0.3145719702064071,0.5559437975250668,0.3145719702064071,power,9.49494743347168,10.811399459838867,11.110993385314941,0.0018472906667739153,0.00011930543784320617,20.0,0.9956206896551724
femnist,full,14,1.0,404222,404222,3.0419181060791014,39.46078431372549,2.8375836540670956,1.0,0.3145719702064071,0.5559437975250668,0.3145719702064071,power,9.60283374786377,10.942268371582031,11.432849884033203,0.0018682265654206276,0.00012908357986628747,20.0,0.9956206896551724
femnist,full,15,1.0,404222,404222,2.9422915911674496,38.970588235294116,2.857816209980086,1.0,0.3145719702064071,0.5559437975250668,0.3145719702064071,power,9.526620864868164,11.181883811950684,11.463298797607422,0.0018860837444663048,0.00011957046955545532,20.0,0.9956206896551724
femnist,full,16,1.0,404222,404222,2.8955079942941664,41.911764705882355,2.7858111811619177,1.0,0.3145719702064071,0.5559437975250668,0.3145719702064071,power,9.605576515197754,11.418172836303711,11.661375999450684,0.0019605911802500486,0.00013327074558807026,20.0,0.9956206896551724
femnist,full,17,1.0,404222,404222,2.919548308253288,42.64705882352941,2.7645676556755516,1.0,0.3145719702064071,0.5559437975250668,0.3145719702064071,power,9.560229301452637,10.937545776367188,11.089534759521484,0.0019224138231948018,0.00012405296472794145,20.0,0.9956206896551724
femnist,full,18,1.0,404222,404222,2.8697927230596547,43.38235294117647,2.6756172928155637,1.0,0.3145719702064071,0.5559437975250668,0.3145719702064071,power,9.641530990600586,11.375555038452148,11.598143577575684,0.0019224138231948018,0.00013487353498993227,20.0,0.9956206896551724
femnist,full,19,1.0,404222,404222,2.548259508013725,46.3235294117647,2.46662872912837,1.0,0.3145719702064071,0.5559437975250668,0.3145719702064071,power,9.505196571350098,10.917424201965332,11.159443855285645,0.0019082512008026242,0.00011400815838602407,20.0,0.9956206896551724
femnist,full,20,1.0,404222,404222,2.764139251112938,46.07843137254902,2.501754461550245,1.0,0.3145719702064071,0.5559437975250668,0.3145719702064071,power,9.528840065002441,11.348456382751465,11.88240909576416,0.001937192166224122,0.00012039037766222202,20.0,0.9956206896551724
femnist,full,21,1.0,404222,404222,2.4935398280620578,48.77450980392157,2.3313341327742036,1.0,0.3145719702064071,0.5559437975250668,0.3145719702064071,power,9.603700637817383,11.024603843688965,11.180267333984375,0.00199076347053051,0.0001311497894484259,20.0,0.9956206896551724
femnist,full,22,1.0,404222,404222,2.3893098336458207,48.77450980392157,2.2754749971277572,1.0,0.3145719702064071,0.5559437975250668,0.3145719702064071,power,9.519848823547363,10.776630401611328,10.949320793151855,0.0018392857164144516,0.00010698149346632885,20.0,0.9956206896551724
femnist,full,23,1.0,404222,404222,2.494833255708218,49.26470588235294,2.269883997300092,1.0,0.3145719702064071,0.5559437975250668,0.3145719702064071,power,9.523024559020996,10.969371795654297,11.100958824157715,0.0018743842374533415,0.00011522491400198999,20.0,0.9956206896551724
femnist,full,24,1.0,404222,404222,2.4917086100578305,48.03921568627451,2.2271379957012103,1.0,0.3145719702064071,0.5559437975250668,0.3145719702064071,power,9.60293197631836,10.935003280639648,11.219115257263184,0.001913177315145731,0.00012353660632930604,20.0,0.9956206896551724
femnist,full,25,1.0,404222,404222,2.236016865968704,50.73529411764706,2.101455090092678,1.0,0.3145719702064071,0.5559437975250668,0.3145719702064071,power,9.5728178024292,10.9149808883667,12.71919059753418,0.001897783251479268,0.0001247947883722723,20.0,0.9956206896551724
femnist,full,26,1.0,404222,404222,2.3402014732360836,50.98039215686274,2.0707036934646905,1.0,0.3145719702064071,0.5559437975250668,0.3145719702064071,power,9.586587905883789,11.3322172164917,11.756038665771484,0.0019224138231948018,0.00013310288443938313,20.0,0.9956206896551724
femnist,full,27,1.0,404222,404222,2.302171852439642,50.245098039215684,2.024777281518076,1.0,0.3145719702064071,0.5559437975250668,0.3145719702064071,power,9.588688850402832,11.051777839660645,11.788362503051758,0.0018786946311593056,0.00012475755131923777,20.0,0.9956206896551724
femnist,full,28,1.0,404222,404222,2.1044320587813856,52.205882352941174,1.96716682583678,1.0,0.3145719702064071,0.5559437975250668,0.3145719702064071,power,9.578967094421387,10.972907066345215,11.201415061950684,0.0018879310227930546,0.00012513424281437678,20.0,0.9956206896551724
femnist,full,29,1.0,404222,404222,2.1803470936417577,52.205882352941174,1.9549777461033242,1.0,0.3145719702064071,0.5559437975250668,0.3145719702064071,power,9.582801818847656,10.871606826782227,11.354646682739258,0.0019550493452697992,0.000122662692697479,20.0,0.9956206896551724
femnist,full,30,1.0,404222,404222,2.0217265552282333,53.6764705882353,1.8472961724973191,1.0,0.3145719702064071,0.5559437975250668,0.3145719702064071,power,9.673127174377441,11.37602424621582,11.612253189086914,0.0019014778081327677,0.00014203564324841958,20.0,0.9956206896551724
femnist,full,31,1.0,404222,404222,2.146762763783336,55.14705882352941,1.9073039036171109,1.0,0.3145719702064071,0.5559437975250668,0.3145719702064071,power,9.578810691833496,11.207134246826172,11.492202758789062,0.001967980293557048,0.0001273898582632197,20.0,0.9956206896551724
femnist,full,32,1.0,404222,404222,1.9959577834606168,55.3921568627451,1.8005152683632046,1.0,0.3145719702064071,0.5559437975250668,0.3145719702064071,power,9.563394546508789,11.015105247497559,11.80221176147461,0.0018953202525153756,0.00012165232376247329,20.0,0.9956206896551724
femnist,full,33,1.0,404222,404222,1.9607880343869328,56.372549019607845,1.7415547090418197,1.0,0.3145719702064071,0.5559437975250668,0.3145719702064071,power,9.572531700134277,11.060957908630371,11.090849876403809,0.0019304187735542655,0.0001203298309499579,20.0,0.9956206896551724
femnist,full,34,1.0,404222,404222,1.8370859534293413,57.84313725490196,1.7126714669021905,1.0,0.3145719702064071,0.5559437975250668,0.3145719702064071,power,9.568931579589844,11.632442474365234,12.020618438720703,0.0019698275718837976,0.0001304872226239086,20.0,0.9956206896551724
femnist,full,35,1.0,404222,404222,2.1455820500105616,58.8235294117647,1.7217299517463236,1.0,0.3145719702064071,0.5559437975250668,0.3145719702064071,power,9.619790077209473,11.198234558105469,11.412776947021484,0.0018836207455024123,0.000125126754791804,20.0,0.9956206896551724
femnist,full,36,1.0,404222,404222,1.8391241062059998,57.35294117647059,1.6585986567478554,1.0,0.3145719702064071,0.5559437975250668,0.3145719702064071,power,9.57685375213623,10.749091148376465,11.679426193237305,0.002004310255870223,0.00012913745490436833,20.0,0.9956206896551724
femnist,full,37,1.0,404222,404222,1.706192370727658,59.068627450980394,1.6001196468577665,1.0,0.3145719702064071,0.5559437975250668,0.3145719702064071,power,9.673681259155273,11.108590126037598,11.898462295532227,0.001946428557857871,0.0001348057470013699,20.0,0.9956206896551724
femnist,full,38,1.0,404222,404222,1.860826541259885,57.84313725490196,1.5918731689453125,1.0,0.3145719702064071,0.5559437975250668,0.3145719702064071,power,9.60742473602295,11.210472106933594,11.542147636413574,0.0018940886948257685,0.0001238520004106864,20.0,0.9956206896551724
femnist,full,39,1.0,404222,404222,1.5749117261916399,59.55882352941177,1.5129274854473038,1.0,0.3145719702064071,0.5559437975250668,0.3145719702064071,power,9.563933372497559,10.794154167175293,10.907575607299805,0.0018830049084499478,0.0001255464897294863,20.0,0.9956206896551724
femnist,full,40,1.0,404222,404222,1.708367490768433,61.76470588235294,1.5472332823510264,1.0,0.3145719702064071,0.5559437975250668,0.3145719702064071,power,9.575535774230957,11.24111557006836,11.973051071166992,0.0018891625804826617,0.00012221850042473266,20.0,0.9956206896551724
femnist,full,41,1.0,404222,404222,1.681588642373681,60.294117647058826,1.4913599350873161,1.0,0.3145719702064071,0.5559437975250668,0.3145719702064071,power,9.58225154876709,10.99911880493164,11.890835762023926,0.001976601080968976,0.0001321543282355568,20.0,0.9956206896551724
femnist,full,42,1.0,404222,404222,1.6742434825375674,60.78431372549019,1.4918930951286764,1.0,0.3145719702064071,0.5559437975250668,0.3145719702064071,power,9.566271781921387,11.004058837890625,11.791399955749512,0.0019199507078155875,0.0001235468588027761,20.0,0.9956206896551724
femnist,full,43,1.0,404222,404222,1.571713288091123,62.5,1.4571245978860294,1.0,0.3145719702064071,0.5559437975250668,0.3145719702064071,power,9.5299711227417,11.302483558654785,11.431537628173828,0.001887315302155912,0.0001143448086178888,20.0,0.9956206896551724
femnist,full,44,1.0,404222,404222,1.782060053870082,60.78431372549019,1.4249188292260264,1.0,0.3145719702064071,0.5559437975250668,0.3145719702064071,power,9.573835372924805,11.064300537109375,11.17160701751709,0.0019217979861423373,0.0001260828252063216,20.0,0.9956206896551724
femnist,full,45,1.0,404222,404222,1.4516901347786189,61.76470588235294,1.3867495667700673,1.0,0.3145719702064071,0.5559437975250668,0.3145719702064071,power,9.58280086517334,11.164328575134277,11.588539123535156,0.0019261083798483014,0.0001194970603442633,20.0,0.9956206896551724
femnist,full,46,1.0,404222,404222,1.4506017314642665,62.745098039215684,1.372666602041207,1.0,0.3145719702064071,0.5559437975250668,0.3145719702064071,power,9.578777313232422,11.25121021270752,11.830758094787598,0.0018983989721164107,0.000128563172437917,20.0,0.9956206896551724
femnist,full,47,1.0,404222,404222,1.6820637707039716,62.254901960784316,1.3788639143401502,1.0,0.3145719702064071,0.5559437975250668,0.3145719702064071,power,9.63807201385498,11.315401077270508,11.767230987548828,0.0018749999580904841,0.00013205978439437046,20.0,0.9956206896551724
femnist,full,48,1.0,404222,404222,1.442492267265916,65.93137254901961,1.3393508312748927,1.0,0.3145719702064071,0.5559437975250668,0.3145719702064071,power,9.633770942687988,11.222025871276855,11.710830688476562,0.0019390394445508718,0.00013342549744065632,20.0,0.9956206896551724
femnist,full,49,1.0,404222,404222,1.366707774810493,65.93137254901961,1.2995013068704044,1.0,0.3145719702064071,0.5559437975250668,0.3145719702064071,power,9.556830406188965,10.92454719543457,12.051409721374512,0.001897783251479268,0.0001227945742475209,20.0,0.9956206896551724
femnist,full,50,1.0,404222,404222,1.7144107254594565,63.23529411764706,1.3414903528550093,1.0,0.3145719702064071,0.5559437975250668,0.3145719702064071,power,9.635494232177734,11.381439208984375,11.759753227233887,0.001913177315145731,0.0001352322887155225,20.0,0.9956206896551724
femnist,full,51,1.0,404222,404222,1.3014519842807206,63.23529411764706,1.2958020976945466,1.0,0.3145719702064071,0.5559437975250668,0.3145719702064071,power,9.574703216552734,11.106623649597168,11.421656608581543,0.0019501231145113707,0.00012760881133190504,20.0,0.9956206896551724
femnist,full,52,1.0,404222,404222,1.3449770042300222,64.70588235294117,1.2692541982613357,1.0,0.3145719702064071,0.5559437975250668,0.3145719702064071,power,9.592428207397461,11.053244590759277,11.465444564819336,0.0018959359731525183,0.0001268300817848629,20.0,0.9956206896551724
femnist,full,53,1.0,404222,404222,1.4758333895541729,64.95098039215686,1.2829135071997548,1.0,0.3145719702064071,0.5559437975250668,0.3145719702064071,power,9.583136558532715,11.003235816955566,11.245843887329102,0.0019759852439165115,0.00012578037767421978,20.0,0.9956206896551724
femnist,full,54,1.0,404222,404222,1.4398242933861911,64.46078431372548,1.274461634018842,1.0,0.3145719702064071,0.5559437975250668,0.3145719702064071,power,9.582676887512207,11.250699996948242,12.153058052062988,0.0018897783011198044,0.0001240426976341018,20.0,0.9956206896551724
femnist,full,55,1.0,404222,404222,1.3162917677313088,65.93137254901961,1.2315756105909161,1.0,0.3145719702064071,0.5559437975250668,0.3145719702064071,power,9.537818908691406,11.086324691772461,11.45297622680664,0.0018485222244635224,0.00012254887667018533,20.0,0.9956206896551724
femnist,full,56,1.0,404222,404222,1.381260164938867,66.91176470588235,1.2187661563648897,1.0,0.3145719702064071,0.5559437975250668,0.3145719702064071,power,9.585901260375977,11.002177238464355,11.126697540283203,0.0019279556581750512,0.0001255774033153653,20.0,0.9956206896551724
femnist,full,57,1.0,404222,404222,1.3288859598338605,66.42156862745098,1.2428548476275276,1.0,0.3145719702064071,0.5559437975250668,0.3145719702064071,power,9.530471801757812,11.548754692077637,12.033921241760254,0.0018940886948257685,0.00011987382692089403,20.0,0.9956206896551724
femnist,full,58,1.0,404222,404222,1.2352448040246964,66.42156862745098,1.1914828431372548,1.0,0.3145719702064071,0.5559437975250668,0.3145719702064071,power,9.583858489990234,11.266751289367676,12.023848533630371,0.0019217979861423373,0.0001270897119447445,20.0,0.9956206896551724
femnist,full,59,1.0,404222,404222,1.4778512832336126,67.6470588235294,1.1827341715494792,1.0,0.3145719702064071,0.5559437975250668,0.3145719702064071,power,9.617183685302734,11.30284595489502,11.842157363891602,0.0019181034294888377,0.00013018337601110723,20.0,0.9956206896551724
femnist,full,60,1.0,404222,404222,1.204604557994753,66.66666666666667,1.1824553246591605,1.0,0.3145719702064071,0.5559437975250668,0.3145719702064071,power,9.62553596496582,11.17692756652832,11.261457443237305,0.0019729062914848328,0.00013176524977222568,20.0,0.9956206896551724
femnist,full,61,1.0,404222,404222,1.1699479537829758,67.40196078431373,1.1672635545917587,1.0,0.3145719702064071,0.5559437975250668,0.3145719702064071,power,9.565746307373047,10.949196815490723,12.208755493164062,0.0019365763291716576,0.0001279782331632032,20.0,0.9956206896551724
femnist,full,62,1.0,404222,404222,1.2675156493857505,66.42156862745098,1.1501644358915442,1.0,0.3145719702064071,0.5559437975250668,0.3145719702064071,power,9.558974266052246,10.993335723876953,11.057053565979004,0.0019119457574561238,0.0001194799054812837,20.0,0.9956206896551724
femnist,full,63,1.0,404222,404222,1.3201117008551955,66.91176470588235,1.1432071760589002,1.0,0.3145719702064071,0.5559437975250668,0.3145719702064071,power,9.566885948181152,10.89057445526123,11.316129684448242,0.0019741379655897617,0.00012569251661857334,20.0,0.9956206896551724
femnist,full,64,1.0,404222,404222,1.1657367996312678,66.66666666666667,1.1214352028042662,1.0,0.3145719702064071,0.5559437975250668,0.3145719702064071,power,9.616392135620117,11.056711196899414,11.256184577941895,0.0019279556581750512,0.00012944978737863304,20.0,0.9956206896551724
femnist,full,65,1.0,404222,404222,1.3130054471641777,67.15686274509804,1.140680799297258,1.0,0.3145719702064071,0.5559437975250668,0.3145719702064071,power,9.575875282287598,11.087702751159668,11.349302291870117,0.0019384236074984074,0.00012536553360408936,20.0,0.9956206896551724
femnist,full,66,1.0,404222,404222,1.0936468660691756,66.91176470588235,1.1609458923339844,1.0,0.3145719702064071,0.5559437975250668,0.3145719702064071,power,9.547865867614746,11.127596855163574,11.178792953491211,0.001841748715378344,0.00012303935685017192,20.0,0.9956206896551724
femnist,full,67,1.0,404222,404222,1.2856270273588597,65.68627450980392,1.1192033057119333,1.0,0.3145719702064071,0.5559437975250668,0.3145719702064071,power,9.535140991210938,10.870614051818848,12.224571228027344,0.001822044374421239,0.0001136728584608655,20.0,0.9956206896551724
femnist,full,68,1.0,404222,404222,1.2340134652517738,68.62745098039215,1.1219442030962776,1.0,0.3145719702064071,0.5559437975250668,0.3145719702064071,power,9.582792282104492,11.121373176574707,11.489435195922852,0.0019144088728353381,0.00011931262053769072,20.0,0.9956206896551724
femnist,full,69,1.0,404222,404222,1.1112575966864824,68.38235294117646,1.0753760244332107,1.0,0.3145719702064071,0.5559437975250668,0.3145719702064071,power,9.492465019226074,11.251105308532715,11.480664253234863,0.0019168718717992306,0.00011336937669303963,20.0,0.9956206896551724
femnist,full,70,1.0,404222,404222,1.043922357186675,66.91176470588235,1.0978222267300475,1.0,0.3145719702064071,0.5559437975250668,0.3145719702064071,power,9.605894088745117,11.313923835754395,11.500258445739746,0.0019365763291716576,0.00012926220740406408,20.0,0.9956206896551724
femnist,full,71,1.0,404222,404222,1.1710051260888577,66.42156862745098,1.0896280326095282,1.0,0.3145719702064071,0.5559437975250668,0.3145719702064071,power,9.564111709594727,11.635263442993164,12.190810203552246,0.0019248768221586943,0.00013049789313953093,20.0,0.9956206896551724
femnist,full,72,1.0,404222,404222,1.0276128386333583,69.8529411764706,1.0643598519119561,1.0,0.3145719702064071,0.5559437975250668,0.3145719702064071,power,9.604395866394043,11.323470115661621,11.424817085266113,0.001907019759528339,0.00012741946847285074,20.0,0.9956206896551724
femnist,full,73,1.0,404222,404222,1.224675062932074,67.6470588235294,1.0988126268573837,1.0,0.3145719702064071,0.5559437975250668,0.3145719702064071,power,9.555557250976562,11.051082611083984,11.250252723693848,0.0019624384585767984,0.00012724369366025483,20.0,0.9956206896551724
femnist,full,74,1.0,404222,404222,1.2494887280650437,69.8529411764706,1.0716660443474264,1.0,0.3145719702064071,0.5559437975250668,0.3145719702064071,power,9.627253532409668,11.165225982666016,11.468528747558594,0.0019353447714820504,0.00012998083415621903,20.0,0.9956206896551724
femnist,full,75,1.0,404222,404222,1.0343970678746701,69.36274509803921,1.0353589525409774,1.0,0.3145719702064071,0.5559437975250668,0.3145719702064071,power,9.603767395019531,11.363056182861328,11.644756317138672,0.0019261083798483014,0.00012680320879569448,20.0,0.9956206896551724
femnist,full,76,1.0,404222,404222,1.0255461833253503,68.62745098039215,1.0321026970358456,1.0,0.3145719702064071,0.5559437975250668,0.3145719702064071,power,9.561660766601562,11.282312393188477,11.754073143005371,0.0018774630734696984,0.00012124817428799968,20.0,0.9956206896551724
femnist,full,77,1.0,404222,404222,1.0145580521412194,69.6078431372549,1.0040556215772443,1.0,0.3145719702064071,0.5559437975250668,0.3145719702064071,power,9.594724655151367,11.021649360656738,11.061562538146973,0.0019137931521981955,0.00012200810672755785,20.0,0.9956206896551724
femnist,full,78,1.0,404222,404222,0.9503365953080356,70.83333333333333,0.988959368537454,1.0,0.3145719702064071,0.5559437975250668,0.3145719702064071,power,9.6193265914917,11.346199035644531,12.261129379272461,0.0018916255794465542,0.00013888233922253207,20.0,0.9956206896551724
femnist,full,79,1.0,404222,404222,0.9442152363434435,71.32352941176471,0.9707813636929381,1.0,0.3145719702064071,0.5559437975250668,0.3145719702064071,power,9.579292297363281,11.061065673828125,11.525928497314453,0.001959975343197584,0.00012825669441384225,20.0,0.9956206896551724
femnist,full,80,1.0,404222,404222,1.3154569472000002,71.81372549019608,1.0205065409342449,1.0,0.3145719702064071,0.5559437975250668,0.3145719702064071,power,9.56624698638916,10.914164543151855,10.945101737976074,0.0018793103517964482,0.00012195584359417158,20.0,0.9956206896551724
femnist,full,81,1.0,404222,404222,0.9787048100866377,71.56862745098039,0.9801551968443627,1.0,0.3145719702064071,0.5559437975250668,0.3145719702064071,power,9.551961898803711,11.051156044006348,12.127372741699219,0.0019144088728353381,0.00012592287402822321,20.0,0.9956206896551724
femnist,full,82,1.0,404222,404222,1.0640622186288238,72.05882352941177,1.0064836389878218,1.0,0.3145719702064071,0.5559437975250668,0.3145719702064071,power,9.638294219970703,11.159265518188477,11.552329063415527,0.00199076347053051,0.00013636312252532235,20.0,0.9956206896551724
femnist,full,83,1.0,404222,404222,1.139194119181484,72.54901960784314,1.0254510617723651,1.0,0.3145719702064071,0.5559437975250668,0.3145719702064071,power,9.574071884155273,11.540891647338867,11.820272445678711,0.001920566544868052,0.00012526750412814248,20.0,0.9956206896551724
femnist,full,84,1.0,404222,404222,1.1049767085537314,72.05882352941177,1.029553207696653,1.0,0.3145719702064071,0.5559437975250668,0.3145719702064071,power,9.6033296585083,11.133456230163574,12.900096893310547,0.0018928571371361613,0.00012917413774697796,20.0,0.9956206896551724
femnist,full,85,1.0,404222,404222,0.9307073062099516,73.03921568627452,0.9651610430549172,1.0,0.3145719702064071,0.5559437975250668,0.3145719702064071,power,9.61520767211914,11.134469985961914,12.231436729431152,0.001995073864236474,0.00013345193031110805,20.0,0.9956206896551724
femnist,full,86,1.0,404222,404222,0.9864756827242672,70.34313725490196,1.0217623243144913,1.0,0.3145719702064071,0.5559437975250668,0.3145719702064071,power,9.528304100036621,10.942475318908691,11.126016616821289,0.0018134237034246325,0.00011364325819525144,20.0,0.9956206896551724
femnist,full,87,1.0,404222,404222,1.0884563601016999,72.30392156862744,0.9949002733417586,1.0,0.3145719702064071,0.5559437975250668,0.3145719702064071,power,9.515976905822754,10.97543716430664,11.702669143676758,0.001917487708851695,0.00011484203234151283,20.0,0.9956206896551724
femnist,full,88,1.0,404222,404222,0.891023219479248,70.83333333333333,1.0041997572954964,1.0,0.3145719702064071,0.5559437975250668,0.3145719702064071,power,9.547365188598633,11.38332462310791,11.828837394714355,0.0019113300368189812,0.00011886711612344948,20.0,0.9956206896551724
femnist,full,89,1.0,404222,404222,1.2955754740349947,72.30392156862744,1.001743989832261,1.0,0.3145719702064071,0.5559437975250668,0.3145719702064071,power,9.591876983642578,11.052153587341309,11.68818473815918,0.001952586229890585,0.00012992184570051436,20.0,0.9956206896551724
femnist,full,90,1.0,404222,404222,0.9768946097418665,71.32352941176471,1.0081752702301623,1.0,0.3145719702064071,0.5559437975250668,0.3145719702064071,power,9.48261547088623,10.9495210647583,11.13644790649414,0.001782635459676385,0.00010645782531123507,20.0,0.9956206896551724
femnist,full,91,1.0,404222,404222,0.8947886308189483,70.83333333333333,1.001710106344784,1.0,0.3145719702064071,0.5559437975250668,0.3145719702064071,power,9.590065956115723,11.102746963500977,11.70092487335205,0.0018916255794465542,0.00012637747122399713,20.0,0.9956206896551724
femnist,full,92,1.0,404222,404222,1.0297384894639252,70.83333333333333,1.0328134274950214,1.0,0.3145719702064071,0.5559437975250668,0.3145719702064071,power,9.568343162536621,10.854752540588379,11.762696266174316,0.0018245073733851314,0.0001202084581916301,20.0,0.9956206896551724
femnist,full,93,1.0,404222,404222,1.025490916427225,71.07843137254902,0.9964596617455576,1.0,0.3145719702064071,0.5559437975250668,0.3145719702064071,power,9.509385108947754,10.80445384979248,11.57075309753418,0.0019027093658223748,0.00011511211893587243,20.0,0.9956206896551724
femnist,full,94,1.0,404222,404222,0.9704096929356455,71.32352941176471,0.9722520416858149,1.0,0.3145719702064071,0.5559437975250668,0.3145719702064071,power,9.544232368469238,10.969622611999512,11.192646980285645,0.0019427340012043715,0.00011879674793653437,20.0,0.9956206896551724
femnist,full,95,1.0,404222,404222,0.9533224055171013,71.32352941176471,0.9672764048856848,1.0,0.3145719702064071,0.5559437975250668,0.3145719702064071,power,9.507067680358887,11.031267166137695,11.579766273498535,0.0018657635664567351,0.00011468383174658693,20.0,0.9956206896551724
femnist,full,96,1.0,404222,404222,0.9596643916890024,72.79411764705883,0.9579087799670649,1.0,0.3145719702064071,0.5559437975250668,0.3145719702064071,power,9.605921745300293,11.08824634552002,11.126638412475586,0.002025246387347579,0.00013325576626777402,20.0,0.9956206896551724
femnist,full,97,1.0,404222,404222,0.8431595830991865,73.2843137254902,0.9361469044404871,1.0,0.3145719702064071,0.5559437975250668,0.3145719702064071,power,9.580633163452148,11.313556671142578,11.634050369262695,0.001945197000168264,0.00012941312153254956,20.0,0.9956206896551724
femnist,full,98,1.0,404222,404222,1.0906079490669072,72.30392156862744,0.961182762594784,1.0,0.3145719702064071,0.5559437975250668,0.3145719702064071,power,9.560985565185547,11.328252792358398,11.624201774597168,0.001920566544868052,0.00012951905688582228,20.0,0.9956206896551724
femnist,full,99,1.0,404222,404222,0.9449188093841074,71.81372549019608,0.9615216722675398,1.0,0.3145719702064071,0.5559437975250668,0.3145719702064071,power,9.559126853942871,10.929208755493164,11.749933242797852,0.0019310344941914082,0.00012276413510074196,20.0,0.9956206896551724
femnist,full,100,1.0,404222,404222,0.8880627038329839,72.30392156862744,0.9266521977443322,1.0,0.3145719702064071,0.5559437975250668,0.3145719702064071,power,9.5717134475708,11.303058624267578,11.718033790588379,0.001976601080968976,0.00012443897857711096,20.0,0.9956206896551724
femnist,full,101,1.0,404222,404222,0.9958986198343336,72.79411764705883,0.9448951272403493,1.0,0.3145719702064071,0.5559437975250668,0.3145719702064071,power,9.624810218811035,11.216541290283203,12.191401481628418,0.0019094827584922314,0.00013214489119793647,20.0,0.9956206896551724
femnist,full,102,1.0,404222,404222,0.8180904193408788,73.2843137254902,0.9354984059053308,1.0,0.3145719702064071,0.5559437975250668,0.3145719702064071,power,9.578977584838867,11.190666198730469,11.507014274597168,0.0019082512008026242,0.00012197115784380456,20.0,0.9956206896551724
femnist,full,103,1.0,404222,404222,0.8875609900057316,72.54901960784314,0.9291237475825291,1.0,0.3145719702064071,0.5559437975250668,0.3145719702064071,power,9.574158668518066,10.837735176086426,11.085023880004883,0.0019956897012889385,0.00012647739752912128,20.0,0.9956206896551724
femnist,full,104,1.0,404222,404222,0.9167716716416179,73.2843137254902,0.9250655828737745,1.0,0.3145719702064071,0.5559437975250668,0.3145719702064071,power,9.613419532775879,11.371184349060059,11.582792282104492,0.00195566494949162,0.00013203253725019377,20.0,0.9956206896551724
femnist,full,105,1.0,404222,404222,0.9333898154646159,72.05882352941177,0.9387087354473039,1.0,0.3145719702064071,0.5559437975250668,0.3145719702064071,power,9.555782318115234,11.408117294311523,11.532421112060547,0.0018657635664567351,0.00012324960674010328,20.0,0.9956206896551724
femnist,full,106,1.0,404222,404222,0.8862086755037308,71.81372549019608,0.9261011609844133,1.0,0.3145719702064071,0.5559437975250668,0.3145719702064071,power,9.554258346557617,11.256367683410645,11.414546966552734,0.001959975343197584,0.00013051670895280202,20.0,0.9956206896551724
femnist,full,107,1.0,404222,404222,1.0179343952238562,75.49019607843137,0.9136563469381893,1.0,0.3145719702064071,0.5559437975250668,0.3145719702064071,power,9.594841003417969,11.248791694641113,11.941529273986816,0.001996921142563224,0.0001299577811559803,20.0,0.9956206896551724
femnist,full,108,1.0,404222,404222,0.8694371349085124,73.77450980392157,0.9018403595569087,1.0,0.3145719702064071,0.5559437975250668,0.3145719702064071,power,9.572332382202148,11.391898155212402,12.150129318237305,0.0019488916732370853,0.0001262909896411573,20.0,0.9956206896551724
femnist,full,109,1.0,404222,404222,0.8180479226540773,75.24509803921569,0.8973872614841835,1.0,0.3145719702064071,0.5559437975250668,0.3145719702064071,power,9.560091972351074,11.1448974609375,11.160818099975586,0.001868842402473092,0.00011641627970510432,20.0,0.9956206896551724
femnist,full,110,1.0,404222,404222,1.0424023442715407,73.52941176470588,0.9016307008032706,1.0,0.3145719702064071,0.5559437975250668,0.3145719702064071,power,9.5597505569458,11.376839637756348,11.47242546081543,0.001897783251479268,0.00012824138433114424,20.0,0.9956206896551724
femnist,full,111,1.0,404222,404222,0.810902954377234,72.79411764705883,0.902677947399663,1.0,0.3145719702064071,0.5559437975250668,0.3145719702064071,power,9.512473106384277,10.955989837646484,11.473505020141602,0.001897783251479268,0.00011212744728689606,20.0,0.9956206896551724
femnist,full,112,1.0,404222,404222,0.7869546299055219,75.0,0.8978005203546262,1.0,0.3145719702064071,0.5559437975250668,0.3145719702064071,power,9.576456069946289,11.425105094909668,11.58193588256836,0.0019895320292562246,0.00013073513971185747,20.0,0.9956206896551724
femnist,full,113,1.0,404222,404222,0.906853448152542,73.52941176470588,0.9233034171310126,1.0,0.3145719702064071,0.5559437975250668,0.3145719702064071,power,9.55540657043457,11.035713195800781,11.300182342529297,0.001917487708851695,0.00012413828129216614,20.0,0.9956206896551724
femnist,full,114,1.0,404222,404222,0.7863759800978005,73.77450980392157,0.8939728082395068,1.0,0.3145719702064071,0.5559437975250668,0.3145719702064071,power,9.621400833129883,11.312034606933594,11.732728958129883,0.0019261083798483014,0.0001300558324240797,20.0,0.9956206896551724
femnist,full,115,1.0,404222,404222,0.7722245397977531,74.26470588235294,0.887476827584061,1.0,0.3145719702064071,0.5559437975250668,0.3145719702064071,power,9.537153244018555,10.950482368469238,11.15209674835205,0.001887315302155912,0.00011460827660781392,20.0,0.9956206896551724
femnist,full,116,1.0,404222,404222,0.8596739498525858,72.79411764705883,0.8897691614487592,1.0,0.3145719702064071,0.5559437975250668,0.3145719702064071,power,9.616690635681152,11.067829132080078,12.044918060302734,0.0019088670378550887,0.00013169692547764788,20.0,0.9956206896551724
femnist,full,117,1.0,404222,404222,0.8188861939683557,72.30392156862744,0.8980465309292662,1.0,0.3145719702064071,0.5559437975250668,0.3145719702064071,power,9.5507173538208,11.406441688537598,11.600547790527344,0.0018860837444663048,0.00012471128371763218,20.0,0.9956206896551724
femnist,full,118,1.0,404222,404222,0.789128359630704,73.2843137254902,0.8847880643956801,1.0,0.3145719702064071,0.5559437975250668,0.3145719702064071,power,9.576509475708008,11.002035140991211,11.50550651550293,0.00195566494949162,0.0001318406501538669,20.0,0.9956206896551724
femnist,full,119,1.0,404222,404222,1.0400090422108772,72.79411764705883,0.8981837104348576,1.0,0.3145719702064071,0.5559437975250668,0.3145719702064071,power,9.617155075073242,11.63823127746582,12.505570411682129,0.001900862087495625,0.0001317141626051665,20.0,0.9956206896551724
femnist,full,120,1.0,404222,404222,0.9052727798372506,72.79411764705883,0.8829405541513481,1.0,0.3145719702064071,0.5559437975250668,0.3145719702064071,power,9.577093124389648,11.419164657592773,11.576696395874023,0.0019211822655051947,0.00012454858560812117,20.0,0.9956206896551724
femnist,full,121,1.0,404222,404222,0.8757873257901521,73.03921568627452,0.8851545745251226,1.0,0.3145719702064071,0.5559437975250668,0.3145719702064071,power,9.583457946777344,11.142662048339844,11.34980583190918,0.0019082512008026242,0.00012837287359923174,20.0,0.9956206896551724
femnist,full,122,1.0,404222,404222,0.9165850757248698,72.54901960784314,0.8862125172334558,1.0,0.3145719702064071,0.5559437975250668,0.3145719702064071,power,9.512214660644531,10.80810546875,10.867091178894043,0.001917487708851695,0.00011364955475585575,20.0,0.9956206896551724
femnist,full,123,1.0,404222,404222,0.7923054922744632,72.79411764705883,0.8634342866785386,1.0,0.3145719702064071,0.5559437975250668,0.3145719702064071,power,9.615153312683105,11.538934707641602,11.89537239074707,0.001916256151162088,0.0001291507353123243,20.0,0.9956206896551724
femnist,full,124,1.0,404222,404222,0.8347267186362295,73.03921568627452,0.8502321430281097,1.0,0.3145719702064071,0.5559437975250668,0.3145719702064071,power,9.570061683654785,10.857118606567383,11.256197929382324,0.0018836207455024123,0.00011744436436289921,20.0,0.9956206896551724
femnist,full,125,1.0,404222,404222,0.7805619340203702,73.77450980392157,0.8625316993862975,1.0,0.3145719702064071,0.5559437975250668,0.3145719702064071,power,9.565295219421387,11.228195190429688,11.623126029968262,0.0019378078868612647,0.0001250554455933439,20.0,0.9956206896551724
femnist,full,126,1.0,404222,404222,0.758581654485315,73.52941176470588,0.8887549007640165,1.0,0.3145719702064071,0.5559437975250668,0.3145719702064071,power,9.542646408081055,10.857921600341797,11.508186340332031,0.0019347290508449078,0.00011620066716324883,20.0,0.9956206896551724
femnist,full,127,1.0,404222,404222,0.7544550097920001,74.26470588235294,0.8521557976217831,1.0,0.3145719702064071,0.5559437975250668,0.3145719702064071,power,9.591470718383789,10.710516929626465,12.298896789550781,0.0018497536657378078,0.00012549020011025394,20.0,0.9956206896551724
femnist,full,128,1.0,404222,404222,1.0813784653879703,74.26470588235294,0.8789338504566866,1.0,0.3145719702064071,0.5559437975250668,0.3145719702064071,power,9.579578399658203,11.152003288269043,11.897679328918457,0.0019673644565045834,0.0001264325016407274,20.0,0.9956206896551724
femnist,full,129,1.0,404222,404222,0.8201921020075679,71.81372549019608,0.8698304868211933,1.0,0.3145719702064071,0.5559437975250668,0.3145719702064071,power,9.593239784240723,10.932682991027832,11.320932388305664,0.0020431033335626125,0.00012871340570710398,20.0,0.9956206896551724
femnist,full,130,1.0,404222,404222,0.8942928396537899,73.2843137254902,0.8684388702990962,1.0,0.3145719702064071,0.5559437975250668,0.3145719702064071,power,9.558958053588867,11.095793724060059,11.367715835571289,0.001984605798497796,0.0001338275039922529,20.0,0.9956206896551724
femnist,full,131,1.0,404222,404222,0.8913404819741846,72.05882352941177,0.8493436177571615,1.0,0.3145719702064071,0.5559437975250668,0.3145719702064071,power,9.59913158416748,11.04017162322998,11.978996276855469,0.0019673644565045834,0.00013043597490134943,20.0,0.9956206896551724
femnist,full,132,1.0,404222,404222,0.770861839838326,73.77450980392157,0.854526070987477,1.0,0.3145719702064071,0.5559437975250668,0.3145719702064071,power,9.571159362792969,10.808098793029785,11.515718460083008,0.0018706896807998419,0.00011792429806365697,20.0,0.9956206896551724
femnist,full,133,1.0,404222,404222,0.8888303403928877,74.26470588235294,0.8486771677054611,1.0,0.3145719702064071,0.5559437975250668,0.3145719702064071,power,9.538275718688965,11.217477798461914,13.036998748779297,0.001937192166224122,0.00012416202574818173,20.0,0.9956206896551724
femnist,full,134,1.0,404222,404222,0.7953782790154219,74.26470588235294,0.845235637589997,1.0,0.3145719702064071,0.5559437975250668,0.3145719702064071,power,9.611519813537598,11.17976188659668,11.311056137084961,0.0018756157951429486,0.00012844501964195338,20.0,0.9956206896551724
femnist,full,135,1.0,404222,404222,0.7325608959235251,72.05882352941177,0.855078379313151,1.0,0.3145719702064071,0.5559437975250668,0.3145719702064071,power,9.663000106811523,11.8173189163208,12.725020408630371,0.0020215518306940794,0.00015038794848047822,20.0,0.9956206896551724
femnist,full,136,1.0,404222,404222,0.7566988399997354,74.75490196078431,0.8596235537061504,1.0,0.3145719702064071,0.5559437975250668,0.3145719702064071,power,9.591200828552246,11.30037784576416,12.860067367553711,0.0018786946311593056,0.00013087835795025807,20.0,0.9956206896551724
femnist,full,137,1.0,404222,404222,0.7891072174347937,71.56862745098039,0.8457342409620098,1.0,0.3145719702064071,0.5559437975250668,0.3145719702064071,power,9.543048858642578,11.181782722473145,11.56353759765625,0.0018922414164990187,0.00011986470384775943,20.0,0.9956206896551724
femnist,full,138,1.0,404222,404222,0.8450789709389213,73.2843137254902,0.8595903434005439,1.0,0.3145719702064071,0.5559437975250668,0.3145719702064071,power,9.647541999816895,11.04391860961914,11.425057411193848,0.0019532020669430494,0.00013398726030617336,20.0,0.9956206896551724
femnist,full,139,1.0,404222,404222,0.8324174018204212,73.52941176470588,0.8380348355162377,1.0,0.3145719702064071,0.5559437975250668,0.3145719702064071,power,9.50227165222168,11.252386093139648,11.430644035339355,0.001829433487728238,0.00011642260916521532,20.0,0.9956206896551724
femnist,full,140,1.0,404222,404222,0.9754279204644263,74.75490196078431,0.8282945670333564,1.0,0.3145719702064071,0.5559437975250668,0.3145719702064071,power,9.54983139038086,10.99508285522461,11.220458984375,0.0019402708858251572,0.00012437653080805212,20.0,0.9956206896551724
femnist,full,141,1.0,404222,404222,0.7638037569820881,73.77450980392157,0.8266033097809437,1.0,0.3145719702064071,0.5559437975250668,0.3145719702064071,power,9.64116382598877,11.257529258728027,11.593790054321289,0.001995073864236474,0.00013966753646027313,20.0,0.9956206896551724
femnist,full,142,1.0,404222,404222,0.7983780565857888,75.73529411764706,0.8237424364276961,1.0,0.3145719702064071,0.5559437975250668,0.3145719702064071,power,9.620802879333496,11.105036735534668,11.414384841918945,0.001907019759528339,0.00013634078829425153,20.0,0.9956206896551724
femnist,full,143,1.0,404222,404222,1.018041357509792,74.50980392156863,0.819100024653416,1.0,0.3145719702064071,0.5559437975250668,0.3145719702064071,power,9.508626937866211,10.981731414794922,11.799092292785645,0.0019168718717992306,0.00011476553268791987,20.0,0.9956206896551724
femnist,full,144,1.0,404222,404222,0.7745860796608031,75.49019607843137,0.8145784864238664,1.0,0.3145719702064071,0.5559437975250668,0.3145719702064071,power,9.578645706176758,11.011368751525879,11.362408638000488,0.0019421182805672288,0.00012704136944573127,20.0,0.9956206896551724
femnist,full,145,1.0,404222,404222,0.7306815503141844,75.24509803921569,0.8207666733685661,1.0,0.3145719702064071,0.5559437975250668,0.3145719702064071,power,9.64068603515625,11.261837005615234,13.126073837280273,0.0019421182805672288,0.00013743605661621847,20.0,0.9956206896551724
femnist,full,146,1.0,404222,404222,0.819143539518118,74.75490196078431,0.8256675869810814,1.0,0.3145719702064071,0.5559437975250668,0.3145719702064071,power,9.590519905090332,11.378419876098633,12.058844566345215,0.0019310344941914082,0.00012574010573577685,20.0,0.9956206896551724
femnist,full,147,1.0,404222,404222,0.6407836503535508,75.24509803921569,0.8170762903550092,1.0,0.3145719702064071,0.5559437975250668,0.3145719702064071,power,9.476570129394531,11.104095458984375,11.706964492797852,0.0018596058944240212,0.00010312551625111075,20.0,0.9956206896551724
femnist,full,148,1.0,404222,404222,0.7639273921400307,74.26470588235294,0.8196040882783777,1.0,0.3145719702064071,0.5559437975250668,0.3145719702064071,power,9.58130931854248,11.524441719055176,11.874715805053711,0.0018682265654206276,0.00013395518484673338,20.0,0.9956206896551724
femnist,full,149,1.0,404222,404222,0.7418101508019028,75.24509803921569,0.8047989489985448,1.0,0.3145719702064071,0.5559437975250668,0.3145719702064071,power,9.568151473999023,11.76138973236084,12.1882963180542,0.001985837472602725,0.00013143434732605362,20.0,0.9956206896551724
femnist,full,150,1.0,404222,404222,0.762381238862872,75.98039215686275,0.8192065369849112,1.0,0.3145719702064071,0.5559437975250668,0.3145719702064071,power,9.564647674560547,10.859087944030762,11.445646286010742,0.0019747538026422262,0.00012487047491691714,20.0,0.9956206896551724
femnist,full,151,1.0,404222,404222,0.7552185272425412,75.0,0.8146258335487515,1.0,0.3145719702064071,0.5559437975250668,0.3145719702064071,power,9.6203031539917,11.427998542785645,12.204139709472656,0.0019685961306095123,0.00013548031761988536,20.0,0.9956206896551724
femnist,full,152,1.0,404222,404222,1.0381251822412014,74.50980392156863,0.8397699991861979,1.0,0.3145719702064071,0.5559437975250668,0.3145719702064071,power,9.551360130310059,11.20258617401123,11.779657363891602,0.0019187192665413022,0.0001254441290249948,20.0,0.9956206896551724
femnist,full,153,1.0,404222,404222,0.6986719422228634,75.0,0.8264923095703125,1.0,0.3145719702064071,0.5559437975250668,0.3145719702064071,power,9.574289321899414,11.194260597229004,11.386641502380371,0.0019759852439165115,0.00013204073809419765,20.0,0.9956206896551724
femnist,full,154,1.0,404222,404222,0.6738246861379593,76.47058823529412,0.8064243092256433,1.0,0.3145719702064071,0.5559437975250668,0.3145719702064071,power,9.61557674407959,11.516043663024902,11.72965145111084,0.0019605911802500486,0.00013282176906803512,20.0,0.9956206896551724
femnist,full,155,1.0,404222,404222,0.8751786311902107,76.47058823529412,0.8056914385627297,1.0,0.3145719702064071,0.5559437975250668,0.3145719702064071,power,9.626397132873535,11.300104141235352,11.969342231750488,0.001876847236417234,0.00012835199917522652,20.0,0.9956206896551724
femnist,full,156,1.0,404222,404222,0.8073120149690658,74.75490196078431,0.8466214946672028,1.0,0.3145719702064071,0.5559437975250668,0.3145719702064071,power,9.576898574829102,10.811627388000488,12.475829124450684,0.001952586229890585,0.00013089074751724191,20.0,0.9956206896551724
femnist,full,157,1.0,404222,404222,0.717641680408269,75.98039215686275,0.8289863736021752,1.0,0.3145719702064071,0.5559437975250668,0.3145719702064071,power,9.514496803283691,10.91899585723877,11.319986343383789,0.0019365763291716576,0.00011740997448518672,20.0,0.9956206896551724
femnist,full,158,1.0,404222,404222,1.1484039107430726,75.73529411764706,0.8364323634727329,1.0,0.3145719702064071,0.5559437975250668,0.3145719702064071,power,9.581851959228516,11.207661628723145,11.321441650390625,0.0018817733507603407,0.00012364669873732697,20.0,0.9956206896551724
femnist,full,159,1.0,404222,404222,0.8292104067839683,75.49019607843137,0.84748623417873,1.0,0.3145719702064071,0.5559437975250668,0.3145719702064071,power,9.624844551086426,11.360684394836426,11.672125816345215,0.0018860837444663048,0.00012718704138416407,20.0,0.9956206896551724
femnist,full,160,1.0,404222,404222,0.6727299238578416,76.22549019607843,0.8471466513241038,1.0,0.3145719702064071,0.5559437975250668,0.3145719702064071,power,9.595669746398926,11.29930591583252,11.480844497680664,0.0019107143161818385,0.00013180028385555503,20.0,0.9956206896551724
femnist,full,161,1.0,404222,404222,0.6830908720567823,73.03921568627452,0.8619958466174555,1.0,0.3145719702064071,0.5559437975250668,0.3145719702064071,power,9.615799903869629,10.874105453491211,11.815079689025879,0.0018922414164990187,0.0001280168356335459,20.0,0.9956206896551724
femnist,full,162,1.0,404222,404222,0.8737393242120743,75.73529411764706,0.8330635369992724,1.0,0.3145719702064071,0.5559437975250668,0.3145719702064071,power,9.640554428100586,11.121506690979004,11.657828330993652,0.001900862087495625,0.00013789251782083908,20.0,0.9956206896551724
femnist,full,163,1.0,404222,404222,0.7115080514829606,74.75490196078431,0.8304076849245557,1.0,0.3145719702064071,0.5559437975250668,0.3145719702064071,power,9.514013290405273,11.008296012878418,11.140745162963867,0.0018263546517118812,0.0001101865360069745,20.0,0.9956206896551724
femnist,full,164,1.0,404222,404222,0.7958606639876962,75.73529411764706,0.8377568862017464,1.0,0.3145719702064071,0.5559437975250668,0.3145719702064071,power,9.601841926574707,11.049110412597656,11.492809295654297,0.0019144088728353381,0.00012579670304982448,20.0,0.9956206896551724
femnist,full,165,1.0,404222,404222,0.7475212080031635,76.96078431372548,0.8247865415086933,1.0,0.3145719702064071,0.5559437975250668,0.3145719702064071,power,9.562003135681152,11.1360502243042,11.36280632019043,0.0020129310432821512,0.00012631599154246857,20.0,0.9956206896551724
femnist,full,166,1.0,404222,404222,0.6455942130088806,75.24509803921569,0.8092691010119868,1.0,0.3145719702064071,0.5559437975250668,0.3145719702064071,power,9.580109596252441,11.019801139831543,11.481449127197266,0.0019390394445508718,0.00012661837519799607,20.0,0.9956206896551724
femnist,full,167,1.0,404222,404222,0.8758857347257434,76.47058823529412,0.8073868097043505,1.0,0.3145719702064071,0.5559437975250668,0.3145719702064071,power,9.55724811553955,10.977982521057129,12.640106201171875,0.0018608374521136284,0.00012040766140766068,20.0,0.9956206896551724
femnist,full,168,1.0,404222,404222,0.6925194776803255,76.7156862745098,0.783017401601754,1.0,0.3145719702064071,0.5559437975250668,0.3145719702064071,power,9.638113975524902,11.38485336303711,12.335378646850586,0.0018805419094860554,0.0001359567521981506,20.0,0.9956206896551724
femnist,full,169,1.0,404222,404222,0.6943939441815019,75.98039215686275,0.7975709204580269,1.0,0.3145719702064071,0.5559437975250668,0.3145719702064071,power,9.56597900390625,11.246828079223633,11.542932510375977,0.0019014778081327677,0.00012727104112095357,20.0,0.9956206896551724
femnist,full,170,1.0,404222,404222,0.71487639692612,76.47058823529412,0.7851608126771217,1.0,0.3145719702064071,0.5559437975250668,0.3145719702064071,power,9.569809913635254,11.583688735961914,11.853668212890625,0.0018897783011198044,0.00012539919037745124,20.0,0.9956206896551724
femnist,full,171,1.0,404222,404222,0.626964985113591,77.69607843137256,0.7966779073079427,1.0,0.3145719702064071,0.5559437975250668,0.3145719702064071,power,9.611992835998535,11.276127815246582,11.369277954101562,0.001935960608534515,0.0001354464324215474,20.0,0.9956206896551724
femnist,full,172,1.0,404222,404222,0.6811996064707636,76.96078431372548,0.7970307294060203,1.0,0.3145719702064071,0.5559437975250668,0.3145719702064071,power,9.577431678771973,11.0560302734375,11.270295143127441,0.0019181034294888377,0.00012674461033465066,20.0,0.9956206896551724
femnist,full,173,1.0,404222,404222,0.7296602075546981,76.7156862745098,0.8097104091270297,1.0,0.3145719702064071,0.5559437975250668,0.3145719702064071,power,9.571915626525879,11.20202922821045,11.35959529876709,0.0019125615945085883,0.0001273313369934699,20.0,0.9956206896551724
femnist,full,174,1.0,404222,404222,0.6412597817741335,76.7156862745098,0.7989489985447303,1.0,0.3145719702064071,0.5559437975250668,0.3145719702064071,power,9.588729858398438,11.358723640441895,11.423723220825195,0.001935960608534515,0.00013401841402848854,20.0,0.9956206896551724
femnist,full,175,1.0,404222,404222,0.6370087781734766,76.22549019607843,0.7882994109509038,1.0,0.3145719702064071,0.5559437975250668,0.3145719702064071,power,9.589530944824219,11.089826583862305,11.785238265991211,0.0018891625804826617,0.00012892440455751576,20.0,0.9956206896551724
femnist,full,176,1.0,404222,404222,0.6977343839127571,76.22549019607843,0.8180776857862285,1.0,0.3145719702064071,0.5559437975250668,0.3145719702064071,power,9.499979972839355,10.931462287902832,10.992660522460938,0.0018940886948257685,0.00011094191717648166,20.0,0.9956206896551724
femnist,full,177,1.0,404222,404222,0.6363648852240295,76.7156862745098,0.8022419798607919,1.0,0.3145719702064071,0.5559437975250668,0.3145719702064071,power,9.53049373626709,11.045659065246582,11.38619327545166,0.0018922414164990187,0.00011559932440936525,20.0,0.9956206896551724
femnist,full,178,1.0,404222,404222,0.6394872361421584,76.22549019607843,0.8016694012810203,1.0,0.3145719702064071,0.5559437975250668,0.3145719702064071,power,9.543441772460938,11.228028297424316,11.860477447509766,0.0019716748502105474,0.0001247826369298879,20.0,0.9956206896551724
femnist,full,179,1.0,404222,404222,0.7523697190755047,75.98039215686275,0.7856152104396447,1.0,0.3145719702064071,0.5559437975250668,0.3145719702064071,power,9.538918495178223,11.659379959106445,11.979241371154785,0.0018596058944240212,0.00012337296845718737,20.0,0.9956206896551724
femnist,full,180,1.0,404222,404222,0.6995523230731486,75.49019607843137,0.8038974836760876,1.0,0.3145719702064071,0.5559437975250668,0.3145719702064071,power,9.526932716369629,11.282690048217773,11.478111267089844,0.0018454433884471655,0.00011799979323309375,20.0,0.9956206896551724
femnist,full,181,1.0,404222,404222,0.673448083139956,75.24509803921569,0.8064838484221813,1.0,0.3145719702064071,0.5559437975250668,0.3145719702064071,power,9.624995231628418,11.419548034667969,12.05293083190918,0.001971059013158083,0.0001360885362134943,20.0,0.9956206896551724
femnist,full,182,1.0,404222,404222,0.6836549198895226,75.24509803921569,0.79102871464748,1.0,0.3145719702064071,0.5559437975250668,0.3145719702064071,power,9.566092491149902,11.22370433807373,11.453614234924316,0.0019334974931553006,0.0001237844129288552,20.0,0.9956206896551724
femnist,full,183,1.0,404222,404222,0.6699426886625587,75.49019607843137,0.7884467629825368,1.0,0.3145719702064071,0.5559437975250668,0.3145719702064071,power,9.559847831726074,10.873885154724121,11.443330764770508,0.0019667488522827625,0.00012506241515987908,20.0,0.9956206896551724
femnist,full,184,1.0,404222,404222,0.637001928910613,75.73529411764706,0.7991166956284467,1.0,0.3145719702064071,0.5559437975250668,0.3145719702064071,power,9.479331016540527,11.05033016204834,11.645498275756836,0.0018516009440645576,0.00011145845024494384,20.0,0.9956206896551724
femnist,full,185,1.0,404222,404222,0.668119909837842,75.73529411764706,0.8006181903913909,1.0,0.3145719702064071,0.5559437975250668,0.3145719702064071,power,9.537665367126465,11.214887619018555,11.276427268981934,0.0019408867228776217,0.00011855562859995713,20.0,0.9956206896551724
femnist,full,186,1.0,404222,404222,0.8407781992666422,76.7156862745098,0.8182110505945542,1.0,0.3145719702064071,0.5559437975250668,0.3145719702064071,power,9.685684204101562,11.359538078308105,11.549041748046875,0.0019759852439165115,0.0001433545906800551,20.0,0.9956206896551724
femnist,full,187,1.0,404222,404222,0.6266074855439365,75.98039215686275,0.8023223876953125,1.0,0.3145719702064071,0.5559437975250668,0.3145719702064071,power,9.524120330810547,11.131538391113281,12.088898658752441,0.001849137945100665,0.00011464799955069378,20.0,0.9956206896551724
femnist,full,188,1.0,404222,404222,0.889229038208723,75.73529411764706,0.8119790320302925,1.0,0.3145719702064071,0.5559437975250668,0.3145719702064071,power,9.459507942199707,11.227992057800293,11.519147872924805,0.0018472906667739153,0.00010977804325207886,20.0,0.9956206896551724
femnist,full,189,1.0,404222,404222,0.6440643652621658,76.47058823529412,0.7744629803825828,1.0,0.3145719702064071,0.5559437975250668,0.3145719702064071,power,9.569378852844238,10.951173782348633,11.372699737548828,0.0018996305298060179,0.00011883650586477674,20.0,0.9956206896551724
femnist,full,190,1.0,404222,404222,0.7043363559246064,75.24509803921569,0.7672819249770221,1.0,0.3145719702064071,0.5559437975250668,0.3145719702064071,power,9.537229537963867,11.133581161499023,11.49461555480957,0.0018749999580904841,0.00011762414056605222,20.0,0.9956206896551724
femnist,full,191,1.0,404222,404222,0.6491042516985909,76.22549019607843,0.7864622228285846,1.0,0.3145719702064071,0.5559437975250668,0.3145719702064071,power,9.53900146484375,11.019693374633789,11.390125274658203,0.0019507389515638351,0.00012464108410797974,20.0,0.9956206896551724
femnist,full,192,1.0,404222,404222,0.6133173040673137,75.73529411764706,0.783162883683747,1.0,0.3145719702064071,0.5559437975250668,0.3145719702064071,power,9.579360008239746,10.908263206481934,11.951700210571289,0.0019285713788121939,0.0001228399680591093,20.0,0.9956206896551724
femnist,full,193,1.0,404222,404222,0.6074253323720769,76.96078431372548,0.779263739492379,1.0,0.3145719702064071,0.5559437975250668,0.3145719702064071,power,9.5853853225708,11.372469902038574,11.952361106872559,0.0019020936451852322,0.0001223544909529373,20.0,0.9956206896551724
femnist,full,194,1.0,404222,404222,0.7475030067563055,77.69607843137256,0.7709544312720206,1.0,0.3145719702064071,0.5559437975250668,0.3145719702064071,power,9.575226783752441,11.172191619873047,12.019701957702637,0.001935960608534515,0.00012316791778689567,20.0,0.9956206896551724
femnist,full,195,1.0,404222,404222,0.6003251875750721,76.7156862745098,0.7872977911257276,1.0,0.3145719702064071,0.5559437975250668,0.3145719702064071,power,9.656636238098145,11.265462875366211,11.378451347351074,0.0019150245934724808,0.0001377741377304448,20.0,0.9956206896551724
femnist,full,196,1.0,404222,404222,0.6072793152928353,76.7156862745098,0.7841687669941023,1.0,0.3145719702064071,0.5559437975250668,0.3145719702064071,power,9.547882080078125,10.933554649353027,11.690068244934082,0.001903940923511982,0.00012358036873389347,20.0,0.9956206896551724
femnist,full,197,1.0,404222,404222,0.623626347547397,76.7156862745098,0.7754708832385493,1.0,0.3145719702064071,0.5559437975250668,0.3145719702064071,power,9.619636535644531,11.22597885131836,11.44178295135498,0.002046798123046756,0.00013697219458763088,20.0,0.9956206896551724
femnist,full,198,1.0,404222,404222,0.5948832794837655,75.24509803921569,0.7957534790039062,1.0,0.3145719702064071,0.5559437975250668,0.3145719702064071,power,9.601856231689453,11.097868919372559,12.624872207641602,0.0018725369591265917,0.0001263804217313663,20.0,0.9956206896551724
femnist,full,199,1.0,404222,404222,0.5897048370121047,76.47058823529412,0.7925629709281173,1.0,0.3145719702064071,0.5559437975250668,0.3145719702064071,power,9.615620613098145,11.109403610229492,11.148397445678711,0.0020258619915694,0.00013741167427655846,20.0,0.9956206896551724
femnist,full,200,1.0,404222,404222,0.6412401603907347,77.20588235294117,0.7892934013815487,1.0,0.3145719702064071,0.5559437975250668,0.3145719702064071,power,9.544567108154297,11.1193208694458,11.50356674194336,0.0018940886948257685,0.00011790483864808483,20.0,0.9956206896551724
